resolution,mode,model,seed,window,lag_min,n_train,n_test,MAE,RMSE,R2,epochs,batch,train_s
60,nowcast,Faiman,-1,0,0,3210,2800,2.110148410586147,2.539751591172372,0.9520090202436315,0,0,0.0
60,nowcast,PG-ResMLP,0,0,60,3210,2800,1.7581915855407715,2.1771973088803076,0.9647326469421387,21,48,2.6
60,nowcast,PG-ResMLP,1,0,60,3210,2800,1.3921616077423096,1.7773255064310947,0.9764976501464844,24,48,2.9
60,nowcast,PG-ResMLP,2,0,60,3210,2800,1.3491772413253784,1.7146428366340494,0.9781261682510376,51,48,5.4
60,nowcast,PG-ResMLP,3,0,60,3210,2800,1.3360892534255981,1.7186101683175656,0.9780248403549194,34,48,3.8
60,nowcast,PG-ResMLP,4,0,60,3210,2800,1.295495629310608,1.6714459875967052,0.9792144298553467,40,48,4.4
60,nowcast,PG-ResMLP,5,0,60,3210,2800,1.3100006580352783,1.695383729624913,0.9786148071289062,31,48,3.5
60,nowcast,PG-ResMLP,6,0,60,3210,2800,1.3328722715377808,1.704808094713603,0.9783763885498047,77,48,7.9
60,nowcast,PG-ResMLP,7,0,60,3210,2800,1.41642427444458,1.8005077626051196,0.9758805632591248,23,48,2.7
60,nowcast,PG-ResMLP,8,0,60,3210,2800,1.3710987567901611,1.7495316151097917,0.977226972579956,28,48,3.4
60,nowcast,PG-ResMLP,9,0,60,3210,2800,1.415829062461853,1.7985166928299046,0.975933849811554,26,48,3.0
60,nowcast,PG-ResMLP,10,0,60,3210,2800,1.3094528913497925,1.6933861964652448,0.9786651730537415,97,48,9.6
60,nowcast,PG-ResMLP,11,0,60,3210,2800,1.3907705545425415,1.7826999317842156,0.9763553142547607,24,48,2.8
60,nowcast,PG-ResMLP,12,0,60,3210,2800,1.6725757122039795,2.0813890794444267,0.9677682518959045,21,48,2.5
60,nowcast,PG-ResMLP,13,0,60,3210,2800,1.3112173080444336,1.687730349607558,0.9788074493408203,200,48,19.4
60,nowcast,PG-ResMLP,14,0,60,3210,2800,1.769181489944458,2.1799720933860356,0.9646427035331726,21,48,2.5
60,nowcast,PG-ResMLP,15,0,60,3210,2800,1.3718351125717163,1.7442137562968105,0.9773651957511902,36,48,3.9
60,nowcast,PG-ResMLP,16,0,60,3210,2800,1.8397517204284668,2.250865134172611,0.9623056650161743,21,48,2.5
60,nowcast,PG-ResMLP,17,0,60,3210,2800,1.3486882448196411,1.7131176997032338,0.9781650900840759,60,48,6.3
60,nowcast,PG-ResMLP,18,0,60,3210,2800,1.3435231447219849,1.7243717155134908,0.9778772592544556,31,48,3.6
60,nowcast,PG-ResMLP,19,0,60,3210,2800,1.2921258211135864,1.679838590701844,0.9790051579475403,34,48,3.9
60,nowcast,LSTM,0,6,0,1460,1322,1.4623465538024902,1.8837882398383052,0.9726136922836304,81,32,13.8
60,nowcast,LSTM,1,6,0,1460,1322,1.5666241645812988,1.9532098980571777,0.9705580472946167,120,32,19.1
60,nowcast,LSTM,2,6,0,1460,1322,1.826088547706604,2.260938335173373,0.9605500102043152,75,32,12.6
60,nowcast,LSTM,3,6,0,1460,1322,1.3573577404022217,1.780462726818842,0.9755355715751648,98,32,15.8
60,nowcast,LSTM,4,6,0,1460,1322,1.4626373052597046,1.8588352221286648,0.9733344316482544,109,32,17.5
60,nowcast,LSTM,5,6,0,1460,1322,1.819751501083374,2.2173318763486503,0.9620571136474609,70,32,11.9
60,nowcast,LSTM,6,6,0,1460,1322,1.5115989446640015,1.9505325812752923,0.9706386923789978,86,32,14.1
60,nowcast,LSTM,7,6,0,1460,1322,1.4123585224151611,1.8409800007410895,0.9738442301750183,114,32,18.1
60,nowcast,LSTM,8,6,0,1460,1322,1.3235148191452026,1.7304979584512954,0.9768893718719482,118,32,18.2
60,nowcast,LSTM,9,6,0,1460,1322,1.7047418355941772,2.1607129998861945,0.9639700651168823,60,32,10.1
60,nowcast,LSTM,10,6,0,1460,1322,1.6217094659805298,2.0147351807019587,0.9686740040779114,101,32,15.4
60,nowcast,LSTM,11,6,0,1460,1322,2.1376805305480957,2.755618857439393,0.9413986802101135,36,32,6.6
60,nowcast,LSTM,12,6,0,1460,1322,1.4173349142074585,1.8342549507331145,0.9740349650382996,97,32,15.1
60,nowcast,LSTM,13,6,0,1460,1322,1.7952306270599365,2.228942241839401,0.9616587162017822,53,32,8.8
60,nowcast,LSTM,14,6,0,1460,1322,1.3549048900604248,1.7489391926423705,0.9763942360877991,122,32,18.1
60,nowcast,LSTM,15,6,0,1460,1322,1.561942458152771,1.9695924439961627,0.9700620770454407,89,32,13.6
60,nowcast,LSTM,16,6,0,1460,1322,1.4372724294662476,1.8503798558777622,0.9735764861106873,134,32,19.1
60,nowcast,LSTM,17,6,0,1460,1322,1.480648398399353,1.8898038105333894,0.9724385142326355,143,32,19.6
60,nowcast,LSTM,18,6,0,1460,1322,1.3851810693740845,1.8027491212450446,0.974919319152832,92,32,13.2
60,nowcast,LSTM,19,6,0,1460,1322,1.890075445175171,2.331147555230121,0.958061933517456,53,32,8.3
60,forecast,PG-ResMLP,0,0,60,2851,2494,3.0947790145874023,4.242358350035648,0.8631412982940674,23,42,2.5
60,forecast,PG-ResMLP,1,0,60,2851,2494,3.1158716678619385,4.275953371698349,0.8609651327133179,23,42,2.5
60,forecast,PG-ResMLP,2,0,60,2851,2494,3.141641139984131,4.3121377544020385,0.8586020469665527,23,42,2.7
60,forecast,PG-ResMLP,3,0,60,2851,2494,3.0726449489593506,4.201458795699762,0.8657674193382263,24,42,2.7
60,forecast,PG-ResMLP,4,0,60,2851,2494,3.110447406768799,4.2729853472807715,0.8611580729484558,23,42,2.5
60,forecast,PG-ResMLP,5,0,60,2851,2494,3.0686631202697754,4.189073181707871,0.8665576577186584,24,42,2.7
60,forecast,PG-ResMLP,6,0,60,2851,2494,3.146712064743042,4.316546766660768,0.8583127856254578,22,42,2.8
60,forecast,PG-ResMLP,7,0,60,2851,2494,3.1634960174560547,4.337481249678042,0.8569351434707642,22,42,411.7
60,forecast,PG-ResMLP,8,0,60,2851,2494,3.0753161907196045,4.222685384164643,0.8644076585769653,24,42,2.9
60,forecast,PG-ResMLP,9,0,60,2851,2494,3.116913080215454,4.2776817432099135,0.8608527183532715,22,42,2.5
60,forecast,PG-ResMLP,10,0,60,2851,2494,3.071604013442993,4.210884277913315,0.8651644587516785,23,42,2.7
60,forecast,PG-ResMLP,11,0,60,2851,2494,3.1247494220733643,4.29625861168432,0.8596415519714355,23,42,2.6
60,forecast,PG-ResMLP,12,0,60,2851,2494,3.1174662113189697,4.28141372256234,0.8606098294258118,23,42,2.7
60,forecast,PG-ResMLP,13,0,60,2851,2494,3.1161317825317383,4.275383487031501,0.8610022068023682,23,42,2.6
60,forecast,PG-ResMLP,14,0,60,2851,2494,3.1115641593933105,4.269774713581072,0.8613666296005249,23,42,2.6
60,forecast,PG-ResMLP,15,0,60,2851,2494,3.0617949962615967,4.193919030320655,0.8662487268447876,24,42,2.7
60,forecast,PG-ResMLP,16,0,60,2851,2494,3.0885324478149414,4.230135325979375,0.8639287948608398,23,42,2.7
60,forecast,PG-ResMLP,17,0,60,2851,2494,3.137558937072754,4.309649202448958,0.8587652444839478,22,42,2.6
60,forecast,PG-ResMLP,18,0,60,2851,2494,3.1249215602874756,4.29321288368327,0.859840452671051,23,42,2.6
60,forecast,PG-ResMLP,19,0,60,2851,2494,3.1145577430725098,4.268296966417669,0.8614625930786133,23,42,2.6
60,forecast,LSTM,0,6,0,1131,1045,2.5187878608703613,3.4617848618344937,0.9041513800621033,60,32,8.7
60,forecast,LSTM,1,6,0,1131,1045,2.287665605545044,3.227182250274883,0.916702389717102,77,32,14.6
60,forecast,LSTM,2,6,0,1131,1045,2.1920979022979736,3.108043596470068,0.9227390885353088,119,32,21.5
60,forecast,LSTM,3,6,0,1131,1045,2.3359694480895996,3.273037760870172,0.9143183827400208,71,32,13.8
60,forecast,LSTM,4,6,0,1131,1045,2.220767021179199,3.1755528667015307,0.919346272945404,76,32,14.3
60,forecast,LSTM,5,6,0,1131,1045,2.384493112564087,3.307684222776192,0.9124948382377625,75,32,14.5
60,forecast,LSTM,6,6,0,1131,1045,2.2851650714874268,3.215368476029693,0.9173111319541931,73,32,14.5
60,forecast,LSTM,7,6,0,1131,1045,2.347705364227295,3.2972621600003267,0.9130454063415527,67,32,13.2
60,forecast,LSTM,8,6,0,1131,1045,2.5470073223114014,3.4722702446901574,0.9035698771476746,66,32,14.0
60,forecast,LSTM,9,6,0,1131,1045,2.4025816917419434,3.354091588161376,0.9100221991539001,64,32,9.2
60,forecast,LSTM,10,6,0,1131,1045,2.320131778717041,3.2657515943894637,0.9146994352340698,81,32,12.8
60,forecast,LSTM,11,6,0,1131,1045,2.301867961883545,3.2139624387662487,0.9173834323883057,76,32,11.2
60,forecast,LSTM,12,6,0,1131,1045,2.264423131942749,3.2075432799608903,0.9177131056785583,81,32,10.8
60,forecast,LSTM,13,6,0,1131,1045,2.284446954727173,3.177147603036329,0.9192652702331543,87,32,12.9
60,forecast,LSTM,14,6,0,1131,1045,2.4810445308685303,3.367642754670319,0.9092936515808105,86,32,16.2
60,forecast,LSTM,15,6,0,1131,1045,2.302812337875366,3.2179081380664334,0.9171804189682007,100,32,17.9
60,forecast,LSTM,16,6,0,1131,1045,2.481178045272827,3.410391433488868,0.9069762229919434,69,32,9.4
60,forecast,LSTM,17,6,0,1131,1045,2.298511266708374,3.2215874766566523,0.9169909358024597,77,32,10.2
60,forecast,LSTM,18,6,0,1131,1045,2.216519355773926,3.128263066890927,0.9217305779457092,110,32,14.1
60,forecast,LSTM,19,6,0,1131,1045,2.361407995223999,3.3013388258724508,0.9128302335739136,70,32,9.5
60,forecast,Hybrid,0,6,0,1131,1045,2.614531993865967,3.638024576121949,0.8941436409950256,51,32,12.3
60,forecast,Hybrid,1,6,0,1131,1045,2.486569404602051,3.423826175216929,0.9062418341636658,86,32,18.9
60,forecast,Hybrid,2,6,0,1131,1045,2.489433526992798,3.4419298239186635,0.9052477478981018,51,32,12.2
60,forecast,Hybrid,3,6,0,1131,1045,2.570338726043701,3.571370241506263,0.8979870080947876,46,32,14.3
60,forecast,Hybrid,4,6,0,1131,1045,2.897353410720825,3.912598113270986,0.8775620460510254,46,32,17.1
60,forecast,Hybrid,5,6,0,1131,1045,2.194199562072754,3.238602828197461,0.9161117672920227,87,32,27.3
60,forecast,Hybrid,6,6,0,1131,1045,2.4336814880371094,3.3579637978870354,0.9098142981529236,56,32,17.5
60,forecast,Hybrid,7,6,0,1131,1045,2.2995054721832275,3.229904402271829,0.9165617823600769,60,32,14.2
60,forecast,Hybrid,8,6,0,1131,1045,2.870297431945801,3.8284241851358383,0.8827735185623169,42,32,10.8
60,forecast,Hybrid,9,6,0,1131,1045,2.3510618209838867,3.3933288762551084,0.9079046845436096,73,32,26.0
60,forecast,Hybrid,10,6,0,1131,1045,2.310184955596924,3.282354550418544,0.9138299226760864,52,32,17.8
60,forecast,Hybrid,11,6,0,1131,1045,2.4786429405212402,3.392645449236639,0.9079417586326599,53,32,19.2
60,forecast,Hybrid,12,6,0,1131,1045,2.2128536701202393,3.18905197956718,0.9186591506004333,78,32,24.0
60,forecast,Hybrid,13,6,0,1131,1045,2.212597608566284,3.1588264751347466,0.9201936721801758,79,32,18.5
60,forecast,Hybrid,14,6,0,1131,1045,2.2601568698883057,3.2058702567459556,0.9177989363670349,62,32,16.8
60,forecast,Hybrid,15,6,0,1131,1045,2.6147425174713135,3.5725711547941064,0.8979184031486511,50,32,12.2
60,forecast,Hybrid,16,6,0,1131,1045,2.3136470317840576,3.3290449849896833,0.9113609790802002,58,32,14.1
60,forecast,Hybrid,17,6,0,1131,1045,2.2532267570495605,3.2249961912147445,0.9168151617050171,54,32,18.6
60,forecast,Hybrid,18,6,0,1131,1045,2.452578544616699,3.3534981355560975,0.9100540280342102,67,32,21.8
60,forecast,Hybrid,19,6,0,1131,1045,2.240966320037842,3.2600112191691744,0.9149990677833557,96,32,22.0
30,nowcast,Faiman,-1,0,0,7208,6279,2.295613340233488,2.8033764371866843,0.9490422591031192,0,0,0.0
30,nowcast,PG-ResMLP,0,0,30,7208,6279,1.8794381618499756,2.3673047329417476,0.9636624455451965,21,108,2.7
30,nowcast,PG-ResMLP,1,0,30,7208,6279,1.2868129014968872,1.6755865379623225,0.9817954301834106,200,108,19.5
30,nowcast,PG-ResMLP,2,0,30,7208,6279,1.2687536478042603,1.6334430262003414,0.9826996326446533,200,108,27.2
30,nowcast,PG-ResMLP,3,0,30,7208,6279,1.292176365852356,1.6761612894705873,0.9817829132080078,200,108,23.7
30,nowcast,PG-ResMLP,4,0,30,7208,6279,1.2442823648452759,1.6238322096666136,0.9829026460647583,200,108,23.3
30,nowcast,PG-ResMLP,5,0,30,7208,6279,1.2752141952514648,1.6506176312768523,0.9823338985443115,200,108,23.0
30,nowcast,PG-ResMLP,6,0,30,7208,6279,1.332599401473999,1.700045750507247,0.9812600612640381,139,108,13.7
30,nowcast,PG-ResMLP,7,0,30,7208,6279,1.315110683441162,1.6930918410705913,0.9814130663871765,200,108,19.3
30,nowcast,PG-ResMLP,8,0,30,7208,6279,1.275084137916565,1.6473008707250192,0.9824048280715942,200,108,18.5
30,nowcast,PG-ResMLP,9,0,30,7208,6279,1.316076636314392,1.6939634941653317,0.9813938736915588,200,108,18.6
30,nowcast,PG-ResMLP,10,0,30,7208,6279,1.2699075937271118,1.6557094483602872,0.9822247624397278,200,108,18.5
30,nowcast,PG-ResMLP,11,0,30,7208,6279,1.2926691770553589,1.6755276290222927,0.9817966818809509,200,108,18.6
30,nowcast,PG-ResMLP,12,0,30,7208,6279,1.7945712804794312,2.261513603538944,0.9668376445770264,21,108,2.4
30,nowcast,PG-ResMLP,13,0,30,7208,6279,1.320586085319519,1.715318548908017,0.9809218049049377,46,108,4.6
30,nowcast,PG-ResMLP,14,0,30,7208,6279,1.8884170055389404,2.3741516806746663,0.9634519219398499,21,108,2.4
30,nowcast,PG-ResMLP,15,0,30,7208,6279,1.2757560014724731,1.6499074736574955,0.9823490977287292,200,108,18.5
30,nowcast,PG-ResMLP,16,0,30,7208,6279,1.316145420074463,1.7033721324560314,0.9811866283416748,200,108,18.5
30,nowcast,PG-ResMLP,17,0,30,7208,6279,1.3611952066421509,1.7574003965714895,0.9799742698669434,32,108,3.4
30,nowcast,PG-ResMLP,18,0,30,7208,6279,1.3501993417739868,1.751874600865308,0.9800999760627747,47,108,4.8
30,nowcast,PG-ResMLP,19,0,30,7208,6279,1.3007988929748535,1.68381897023973,0.9816160798072815,200,108,18.7
30,nowcast,LSTM,0,6,0,5389,4706,1.3451063632965088,1.7327896295522471,0.9781115651130676,116,80,25.2
30,nowcast,LSTM,1,6,0,5389,4706,1.2473554611206055,1.6312288334083447,0.9806021451950073,151,80,32.6
30,nowcast,LSTM,2,6,0,5389,4706,1.3528341054916382,1.7455525423576064,0.9777879118919373,117,80,25.5
30,nowcast,LSTM,3,6,0,5389,4706,1.3990519046783447,1.791541967562093,0.9766020774841309,96,80,22.1
30,nowcast,LSTM,4,6,0,5389,4706,1.297166109085083,1.6917012510225267,0.9791373014450073,125,80,28.0
30,nowcast,LSTM,5,6,0,5389,4706,1.252962350845337,1.6403883990480563,0.9803836941719055,147,80,31.7
30,nowcast,LSTM,6,6,0,5389,4706,1.3076871633529663,1.6937051351876269,0.9790878295898438,114,80,25.5
30,nowcast,LSTM,7,6,0,5389,4706,1.382707953453064,1.7652653690798743,0.9772834181785583,119,80,26.3
30,nowcast,LSTM,8,6,0,5389,4706,1.2501647472381592,1.6474240337912511,0.9802150726318359,138,80,30.6
30,nowcast,LSTM,9,6,0,5389,4706,1.2696893215179443,1.6582144117926019,0.9799550771713257,159,80,35.8
30,nowcast,LSTM,10,6,0,5389,4706,1.3165361881256104,1.7077132549574083,0.9787405133247375,116,80,26.0
30,nowcast,LSTM,11,6,0,5389,4706,1.6803559064865112,2.0728608192575746,0.9686769843101501,99,80,22.5
30,nowcast,LSTM,12,6,0,5389,4706,1.2790683507919312,1.6707724384934197,0.9796503186225891,127,80,28.0
30,nowcast,LSTM,13,6,0,5389,4706,1.4030073881149292,1.7984334407067908,0.9764217138290405,96,80,22.7
30,nowcast,LSTM,14,6,0,5389,4706,1.25846266746521,1.6408681780110348,0.9803722500801086,139,80,30.3
30,nowcast,LSTM,15,6,0,5389,4706,1.2542873620986938,1.647200929648131,0.9802204370498657,145,80,31.9
30,nowcast,LSTM,16,6,0,5389,4706,1.227479100227356,1.6124431659234164,0.9810463786125183,178,80,38.9
30,nowcast,LSTM,17,6,0,5389,4706,1.2789208889007568,1.6672661259566732,0.9797356128692627,119,80,26.3
30,nowcast,LSTM,18,6,0,5389,4706,1.409124732017517,1.8038793298324252,0.9762787222862244,90,80,20.3
30,nowcast,LSTM,19,6,0,5389,4706,1.411818504333496,1.7951335263331005,0.9765082001686096,126,80,28.4
30,forecast,PG-ResMLP,0,0,30,6827,5946,2.7672348022460938,3.6222247319385072,0.907309353351593,21,102,2.4
30,forecast,PG-ResMLP,1,0,30,6827,5946,2.4886488914489746,3.3134995877663003,0.9224362373352051,22,102,2.6
30,forecast,PG-ResMLP,2,0,30,6827,5946,2.579314947128296,3.4148051765687746,0.9176208972930908,22,102,2.6
30,forecast,PG-ResMLP,3,0,30,6827,5946,2.5148065090179443,3.336274534258884,0.9213663339614868,22,102,2.5
30,forecast,PG-ResMLP,4,0,30,6827,5946,2.495774030685425,3.3236426314808387,0.9219605922698975,22,102,2.6
30,forecast,PG-ResMLP,5,0,30,6827,5946,2.4561352729797363,3.271947116293864,0.9243693947792053,23,102,2.7
30,forecast,PG-ResMLP,6,0,30,6827,5946,2.696737289428711,3.5775287247950085,0.9095827341079712,21,102,2.4
30,forecast,PG-ResMLP,7,0,30,6827,5946,2.754530906677246,3.6194306044868165,0.9074522852897644,21,102,2.5
30,forecast,PG-ResMLP,8,0,30,6827,5946,2.5708110332489014,3.430644186490601,0.9168549180030823,22,102,2.6
30,forecast,PG-ResMLP,9,0,30,6827,5946,2.7318968772888184,3.589205846053787,0.9089915156364441,21,102,2.4
30,forecast,PG-ResMLP,10,0,30,6827,5946,2.691514015197754,3.5358880565926976,0.9116753339767456,21,102,2.4
30,forecast,PG-ResMLP,11,0,30,6827,5946,2.5280604362487793,3.364303592984956,0.9200394749641418,22,102,2.5
30,forecast,PG-ResMLP,12,0,30,6827,5946,2.7485597133636475,3.6233233816740724,0.907253086566925,21,102,2.5
30,forecast,PG-ResMLP,13,0,30,6827,5946,2.5703635215759277,3.4159391295394523,0.917566180229187,22,102,2.5
30,forecast,PG-ResMLP,14,0,30,6827,5946,2.5261764526367188,3.377710031435132,0.9194009304046631,22,102,2.5
30,forecast,PG-ResMLP,15,0,30,6827,5946,2.597367525100708,3.4557868743807942,0.9156317710876465,22,102,2.6
30,forecast,PG-ResMLP,16,0,30,6827,5946,2.5707414150238037,3.401768106844819,0.91824871301651,22,102,2.6
30,forecast,PG-ResMLP,17,0,30,6827,5946,2.557213544845581,3.3782289388442326,0.9193761944770813,22,102,2.6
30,forecast,PG-ResMLP,18,0,30,6827,5946,2.7190489768981934,3.5993639013136183,0.9084756374359131,21,102,2.4
30,forecast,PG-ResMLP,19,0,30,6827,5946,2.544618844985962,3.3723908688227615,0.9196546077728271,22,102,2.5
30,forecast,LSTM,0,6,0,5035,4409,2.0403246879577637,2.7225865446824886,0.9461484551429749,71,75,16.4
30,forecast,LSTM,1,6,0,5035,4409,1.7979803085327148,2.500420630354988,0.9545785784721375,128,75,28.0
30,forecast,LSTM,2,6,0,5035,4409,1.8797372579574585,2.5704872512545758,0.9519973397254944,96,75,21.3
30,forecast,LSTM,3,6,0,5035,4409,1.887876272201538,2.5788720175739863,0.9516836404800415,94,75,20.9
30,forecast,LSTM,4,6,0,5035,4409,2.0508291721343994,2.7361125548004455,0.9456120729446411,67,75,15.5
30,forecast,LSTM,5,6,0,5035,4409,1.8578141927719116,2.551618313105937,0.9526994824409485,140,75,30.5
30,forecast,LSTM,6,6,0,5035,4409,1.8630313873291016,2.5554816735225705,0.9525561332702637,74,75,17.1
30,forecast,LSTM,7,6,0,5035,4409,1.900827407836914,2.603453810717093,0.950758159160614,73,75,16.9
30,forecast,LSTM,8,6,0,5035,4409,1.9435566663742065,2.633878497739965,0.9496005177497864,99,75,22.1
30,forecast,LSTM,9,6,0,5035,4409,1.9632264375686646,2.6449987542017865,0.9491740465164185,103,75,23.0
30,forecast,LSTM,10,6,0,5035,4409,1.9027578830718994,2.594549124913725,0.9510944485664368,95,75,21.3
30,forecast,LSTM,11,6,0,5035,4409,2.1286230087280273,2.796096096586749,0.9432012438774109,66,75,15.5
30,forecast,LSTM,12,6,0,5035,4409,2.0665841102600098,2.7393541614907,0.9454831480979919,70,75,16.1
30,forecast,LSTM,13,6,0,5035,4409,2.0174965858459473,2.6963491022097914,0.9471814036369324,94,75,21.2
30,forecast,LSTM,14,6,0,5035,4409,2.069035768508911,2.747585537162965,0.9451550245285034,57,75,13.5
30,forecast,LSTM,15,6,0,5035,4409,1.9171522855758667,2.62403134230178,0.9499766826629639,84,75,19.1
30,forecast,LSTM,16,6,0,5035,4409,1.8675737380981445,2.582026448440127,0.9515653848648071,122,75,26.9
30,forecast,LSTM,17,6,0,5035,4409,2.0394248962402344,2.7126807508586595,0.9465396404266357,79,75,18.1
30,forecast,LSTM,18,6,0,5035,4409,2.0774152278900146,2.761221877404296,0.9446092844009399,52,75,12.6
30,forecast,LSTM,19,6,0,5035,4409,1.9151079654693604,2.5955566181201735,0.9510564208030701,108,75,24.3
30,forecast,Hybrid,0,6,0,5035,4409,1.8360902070999146,2.6385013686178915,0.9494234323501587,85,75,52.3
30,forecast,Hybrid,1,6,0,5035,4409,2.03415846824646,2.8154762626762384,0.9424111843109131,53,75,33.3
30,forecast,Hybrid,2,6,0,5035,4409,2.023855209350586,2.794474759915962,0.9432671070098877,45,75,28.9
30,forecast,Hybrid,3,6,0,5035,4409,1.8504260778427124,2.608732224290987,0.9505583047866821,73,75,44.9
30,forecast,Hybrid,4,6,0,5035,4409,2.161550283432007,2.9349581495482364,0.937419593334198,42,75,27.2
30,forecast,Hybrid,5,6,0,5035,4409,1.7976503372192383,2.5685091968540292,0.9520711898803711,69,75,42.8
30,forecast,Hybrid,6,6,0,5035,4409,1.890224575996399,2.6235712795443726,0.9499942064285278,52,75,32.7
30,forecast,Hybrid,7,6,0,5035,4409,1.760736346244812,2.5279281860243357,0.9535737037658691,75,75,45.5
30,forecast,Hybrid,8,6,0,5035,4409,1.9552735090255737,2.7999825715476265,0.9430432319641113,37,75,23.9
30,forecast,Hybrid,9,6,0,5035,4409,2.081430673599243,2.9693914423194068,0.9359425902366638,36,75,23.3
30,forecast,Hybrid,10,6,0,5035,4409,1.7696161270141602,2.5271541282589145,0.953602135181427,76,75,46.2
30,forecast,Hybrid,11,6,0,5035,4409,1.837208867073059,2.604221668934126,0.9507290720939636,52,75,32.5
30,forecast,Hybrid,12,6,0,5035,4409,1.7851660251617432,2.561470010820546,0.9523335099220276,68,75,41.7
30,forecast,Hybrid,13,6,0,5035,4409,1.7351409196853638,2.501546953332878,0.9545376300811768,110,75,66.5
30,forecast,Hybrid,14,6,0,5035,4409,1.9161748886108398,2.7348688170164692,0.9456614851951599,38,75,24.6
30,forecast,Hybrid,15,6,0,5035,4409,1.8597139120101929,2.6374186173308196,0.9494649171829224,71,75,43.8
30,forecast,Hybrid,16,6,0,5035,4409,1.880925178527832,2.6711360511877857,0.9481645822525024,57,75,35.7
30,forecast,Hybrid,17,6,0,5035,4409,1.7309707403182983,2.520567971967063,0.9538436532020569,111,75,67.5
30,forecast,Hybrid,18,6,0,5035,4409,1.8192129135131836,2.6131210392080497,0.9503917694091797,63,75,39.2
30,forecast,Hybrid,19,6,0,5035,4409,1.9048049449920654,2.672483586831003,0.9481122493743896,57,75,35.9
15,nowcast,Faiman,-1,0,0,14806,12885,2.378503761675207,2.9297070940383017,0.9468361567771075,0,0,0.0
15,nowcast,PG-ResMLP,0,0,30,14806,12885,1.9601184129714966,2.489687727225135,0.961606502532959,21,222,2.4
15,nowcast,PG-ResMLP,1,0,30,14806,12885,1.3585361242294312,1.7891339283639576,0.9801731705665588,200,222,18.8
15,nowcast,PG-ResMLP,2,0,30,14806,12885,1.3506314754486084,1.7572413215895066,0.980873703956604,200,222,18.6
15,nowcast,PG-ResMLP,3,0,30,14806,12885,1.3616801500320435,1.7757546499654109,0.9804685711860657,200,222,18.5
15,nowcast,PG-ResMLP,4,0,30,14806,12885,1.3576524257659912,1.769402438226906,0.9806080460548401,200,222,18.7
15,nowcast,PG-ResMLP,5,0,30,14806,12885,1.3781001567840576,1.7918324578633495,0.9801132678985596,154,222,14.6
15,nowcast,PG-ResMLP,6,0,30,14806,12885,1.351543664932251,1.7765911143606234,0.9804501533508301,200,222,18.6
15,nowcast,PG-ResMLP,7,0,30,14806,12885,1.384470820426941,1.8043264713242613,0.9798349738121033,200,222,18.4
15,nowcast,PG-ResMLP,8,0,30,14806,12885,1.3543438911437988,1.7731327685729523,0.9805262088775635,200,222,18.7
15,nowcast,PG-ResMLP,9,0,30,14806,12885,1.3620141744613647,1.7853041572983501,0.9802579283714294,200,222,18.4
15,nowcast,PG-ResMLP,10,0,30,14806,12885,1.402272343635559,1.8277074875049322,0.9793090224266052,200,222,18.4
15,nowcast,PG-ResMLP,11,0,30,14806,12885,1.3683291673660278,1.8013858731742223,0.9799006581306458,200,222,18.4
15,nowcast,PG-ResMLP,12,0,30,14806,12885,1.874259352684021,2.382305554103586,0.9648469686508179,21,222,2.4
15,nowcast,PG-ResMLP,13,0,30,14806,12885,1.3533767461776733,1.7762883332939547,0.9804568290710449,200,222,18.4
15,nowcast,PG-ResMLP,14,0,30,14806,12885,1.9714317321777344,2.498073407733897,0.9613474607467651,21,222,2.4
15,nowcast,PG-ResMLP,15,0,30,14806,12885,1.3845229148864746,1.795475954163001,0.9800323247909546,198,222,18.5
15,nowcast,PG-ResMLP,16,0,30,14806,12885,1.3691784143447876,1.7851483033919477,0.9802613854408264,200,222,18.3
15,nowcast,PG-ResMLP,17,0,30,14806,12885,1.3166757822036743,1.735213893051422,0.9813501834869385,200,222,18.5
15,nowcast,PG-ResMLP,18,0,30,14806,12885,1.5168112516403198,1.9732181164359728,0.9758833050727844,25,222,2.8
15,nowcast,PG-ResMLP,19,0,30,14806,12885,1.3997491598129272,1.8244984185715583,0.9793816208839417,200,222,18.4
15,nowcast,LSTM,0,6,0,12908,11220,1.26954185962677,1.665014003889515,0.9802512526512146,98,193,29.5
15,nowcast,LSTM,1,6,0,12908,11220,1.284083366394043,1.6758487572221814,0.9799934029579163,76,193,23.2
15,nowcast,LSTM,2,6,0,12908,11220,1.2923784255981445,1.7046339717191672,0.9793002009391785,75,193,23.4
15,nowcast,LSTM,3,6,0,12908,11220,1.2971458435058594,1.6911727356442627,0.9796258211135864,113,193,34.4
15,nowcast,LSTM,4,6,0,12908,11220,1.396129846572876,1.7779303955425372,0.9774817824363708,105,193,31.5
15,nowcast,LSTM,5,6,0,12908,11220,1.2392117977142334,1.636643000559162,0.9809185266494751,98,193,29.5
15,nowcast,LSTM,6,6,0,12908,11220,1.3387928009033203,1.7293197227056143,0.978696346282959,78,193,24.2
15,nowcast,LSTM,7,6,0,12908,11220,1.3047605752944946,1.7004435016833086,0.9794018268585205,110,193,33.5
15,nowcast,LSTM,8,6,0,12908,11220,1.2940393686294556,1.6897172137117626,0.9796608686447144,102,193,31.9
15,nowcast,LSTM,9,6,0,12908,11220,1.2739026546478271,1.6929612973290766,0.9795827269554138,71,193,23.2
15,nowcast,LSTM,10,6,0,12908,11220,1.320949912071228,1.7162401774459446,0.9790173768997192,98,193,30.7
15,nowcast,LSTM,11,6,0,12908,11220,1.347886562347412,1.7609494849459748,0.9779099225997925,84,193,26.7
15,nowcast,LSTM,12,6,0,12908,11220,1.306064486503601,1.7147411411321851,0.9790539741516113,95,193,30.4
15,nowcast,LSTM,13,6,0,12908,11220,1.278287410736084,1.6730428164350726,0.980060338973999,84,193,27.1
15,nowcast,LSTM,14,6,0,12908,11220,1.322064757347107,1.7237264548305695,0.9788339138031006,75,193,24.7
15,nowcast,LSTM,15,6,0,12908,11220,1.283656358718872,1.6829932042311642,0.9798224568367004,93,193,30.2
15,nowcast,LSTM,16,6,0,12908,11220,1.3002418279647827,1.6920839145900188,0.9796038866043091,103,193,32.9
15,nowcast,LSTM,17,6,0,12908,11220,1.3896563053131104,1.7677338420920896,0.9777393341064453,77,193,25.4
15,nowcast,LSTM,18,6,0,12908,11220,1.3086427450180054,1.698103053934303,0.9794585108757019,80,193,25.9
15,nowcast,LSTM,19,6,0,12908,11220,1.272024154663086,1.6695272057376729,0.9801440238952637,82,193,27.0
15,forecast,PG-ResMLP,0,0,30,14399,12532,2.169851541519165,2.7115964061291766,0.9517115950584412,21,216,2.3
15,forecast,PG-ResMLP,1,0,30,14399,12532,1.9038227796554565,2.43056705169381,0.9612021446228027,22,216,2.4
15,forecast,PG-ResMLP,2,0,30,14399,12532,1.9239935874938965,2.4501621309468535,0.9605740308761597,22,216,2.5
15,forecast,PG-ResMLP,3,0,30,14399,12532,1.8891222476959229,2.424785317425402,0.961386501789093,22,216,2.4
15,forecast,PG-ResMLP,4,0,30,14399,12532,1.8958836793899536,2.425952555186995,0.9613493084907532,22,216,2.4
15,forecast,PG-ResMLP,5,0,30,14399,12532,1.8785490989685059,2.411794541542462,0.961799144744873,22,216,2.4
15,forecast,PG-ResMLP,6,0,30,14399,12532,1.9438029527664185,2.476907796284053,0.9597086310386658,22,216,2.4
15,forecast,PG-ResMLP,7,0,30,14399,12532,1.9471503496170044,2.4781859458942903,0.9596670269966125,22,216,2.4
15,forecast,PG-ResMLP,8,0,30,14399,12532,1.9489974975585938,2.4848936487232383,0.9594483971595764,22,216,2.5
15,forecast,PG-ResMLP,9,0,30,14399,12532,1.9264971017837524,2.4620905037056415,0.9601892232894897,22,216,2.4
15,forecast,PG-ResMLP,10,0,30,14399,12532,2.046847105026245,2.5814860312220422,0.9562344551086426,21,216,2.4
15,forecast,PG-ResMLP,11,0,30,14399,12532,1.9210245609283447,2.4507041697712872,0.9605566263198853,22,216,2.4
15,forecast,PG-ResMLP,12,0,30,14399,12532,2.1372413635253906,2.69026822195838,0.9524682760238647,21,216,2.3
15,forecast,PG-ResMLP,13,0,30,14399,12532,1.872751235961914,2.4027608369831546,0.9620847702026367,23,216,2.5
15,forecast,PG-ResMLP,14,0,30,14399,12532,2.1607842445373535,2.7178200194478612,0.9514896869659424,21,216,2.3
15,forecast,PG-ResMLP,15,0,30,14399,12532,1.8873814344406128,2.4220649890827315,0.9614731073379517,23,216,2.5
15,forecast,PG-ResMLP,16,0,30,14399,12532,1.9557374715805054,2.483555208658907,0.959492027759552,22,216,2.4
15,forecast,PG-ResMLP,17,0,30,14399,12532,1.9307917356491089,2.45973122717929,0.9602655172348022,22,216,2.4
15,forecast,PG-ResMLP,18,0,30,14399,12532,1.8910112380981445,2.4285317766334473,0.9612671136856079,22,216,2.4
15,forecast,PG-ResMLP,19,0,30,14399,12532,1.9349603652954102,2.4637526138887904,0.9601354598999023,22,216,2.4
15,forecast,LSTM,0,6,0,12546,10905,1.5711055994033813,2.0871361421085592,0.9689075946807861,84,188,23.8
15,forecast,LSTM,1,6,0,12546,10905,1.5635950565338135,2.0656921652811926,0.9695432782173157,92,188,26.1
15,forecast,LSTM,2,6,0,12546,10905,1.5352773666381836,2.0581838355298054,0.969764232635498,86,188,25.1
15,forecast,LSTM,3,6,0,12546,10905,1.7317219972610474,2.231426294024533,0.964460015296936,66,188,19.5
15,forecast,LSTM,4,6,0,12546,10905,1.5582548379898071,2.0831301653660903,0.9690268635749817,88,188,25.6
15,forecast,LSTM,5,6,0,12546,10905,1.5458183288574219,2.054512393582604,0.969871997833252,123,188,35.5
15,forecast,LSTM,6,6,0,12546,10905,1.5921858549118042,2.0960772661207163,0.9686406850814819,79,188,23.7
15,forecast,LSTM,7,6,0,12546,10905,1.5257536172866821,2.038571236431202,0.9703377485275269,88,188,26.7
15,forecast,LSTM,8,6,0,12546,10905,1.553160309791565,2.0706092477850424,0.9693980813026428,76,188,23.3
15,forecast,LSTM,9,6,0,12546,10905,1.5860002040863037,2.099693857311964,0.9685323238372803,80,188,25.0
15,forecast,LSTM,10,6,0,12546,10905,1.5144838094711304,2.026227757816033,0.9706958532333374,103,188,31.7
15,forecast,LSTM,11,6,0,12546,10905,1.5392996072769165,2.0535787049158682,0.9698994159698486,96,188,29.7
15,forecast,LSTM,12,6,0,12546,10905,1.5855004787445068,2.0939533647301105,0.9687041640281677,103,188,32.7
15,forecast,LSTM,13,6,0,12546,10905,1.4727320671081543,1.9821878229291623,0.9719558954238892,113,188,35.3
15,forecast,LSTM,14,6,0,12546,10905,1.6775214672088623,2.1758188350588443,0.9662092328071594,81,188,25.7
15,forecast,LSTM,15,6,0,12546,10905,1.5542877912521362,2.0622585039651344,0.9696444272994995,112,188,35.2
15,forecast,LSTM,16,6,0,12546,10905,1.5939810276031494,2.1115924623855262,0.9681746959686279,78,188,25.1
15,forecast,LSTM,17,6,0,12546,10905,1.6856237649917603,2.1915631297594853,0.9657184481620789,67,188,21.8
15,forecast,LSTM,18,6,0,12546,10905,1.566705584526062,2.066836797212948,0.969509482383728,90,188,28.6
15,forecast,LSTM,19,6,0,12546,10905,1.520516276359558,2.0382485354551725,0.9703471064567566,89,188,28.5
15,forecast,Hybrid,0,6,0,12546,10905,1.5244264602661133,2.103511544651335,0.9684178233146667,52,188,77.3
15,forecast,Hybrid,1,6,0,12546,10905,1.9805160760879517,2.5708050009610433,0.9528273344039917,47,188,67.3
15,forecast,Hybrid,2,6,0,12546,10905,1.5959951877593994,2.105973390249904,0.9683438539505005,40,188,57.2
15,forecast,Hybrid,3,6,0,12546,10905,1.7482702732086182,2.3114188476417246,0.9618662595748901,39,188,55.5
15,forecast,Hybrid,4,6,0,12546,10905,1.4468926191329956,1.9984282635795216,0.9714944362640381,68,188,95.8
15,forecast,Hybrid,5,6,0,12546,10905,1.6368225812911987,2.222248274597466,0.9647517800331116,44,188,62.6
15,forecast,Hybrid,6,6,0,12546,10905,1.7165234088897705,2.2391879656845477,0.9642122983932495,38,188,55.2
15,forecast,Hybrid,7,6,0,12546,10905,1.724214792251587,2.2748147784278094,0.963064432144165,57,188,81.5
15,forecast,Hybrid,8,6,0,12546,10905,1.6654402017593384,2.238177072387446,0.9642446041107178,42,188,60.2
15,forecast,Hybrid,9,6,0,12546,10905,1.6051435470581055,2.134615963561045,0.9674769043922424,73,188,102.5
15,forecast,Hybrid,10,6,0,12546,10905,1.4688186645507812,2.008382159809559,0.9712097644805908,63,188,89.3
15,forecast,Hybrid,11,6,0,12546,10905,1.466333031654358,1.9948947836681747,0.9715951681137085,86,188,120.6
15,forecast,Hybrid,12,6,0,12546,10905,1.4443269968032837,1.9810727494431963,0.9719874262809753,70,188,98.7
15,forecast,Hybrid,13,6,0,12546,10905,1.5458694696426392,2.0786046213225466,0.9691612720489502,77,188,110.0
15,forecast,Hybrid,14,6,0,12546,10905,1.4936012029647827,2.0491564899371313,0.9700288772583008,55,188,78.4
15,forecast,Hybrid,15,6,0,12546,10905,1.4598286151885986,1.9944337634996316,0.9716082811355591,79,188,114.1
15,forecast,Hybrid,16,6,0,12546,10905,1.5025160312652588,2.0544356855406667,0.9698742628097534,108,188,151.9
15,forecast,Hybrid,17,6,0,12546,10905,1.5297386646270752,2.0446915956852916,0.9701593518257141,64,188,92.0
15,forecast,Hybrid,18,6,0,12546,10905,1.4846224784851074,2.0191595742666153,0.9708999395370483,103,188,144.5
15,forecast,Hybrid,19,6,0,12546,10905,1.5250324010849,2.0478434128205745,0.9700673222541809,64,188,91.5
10,nowcast,Faiman,-1,0,0,22425,19518,2.4271307781051505,2.9968842236926694,0.945402983357826,0,0,0.0
10,nowcast,PG-ResMLP,0,0,30,22425,19518,1.4019962549209595,1.8437243960914211,0.9793356657028198,200,256,21.1
10,nowcast,PG-ResMLP,1,0,30,22425,19518,1.4005032777786255,1.8393320072501587,0.9794340133666992,200,256,21.2
10,nowcast,PG-ResMLP,2,0,30,22425,19518,1.3991950750350952,1.8555245160205303,0.9790703058242798,191,256,20.4
10,nowcast,PG-ResMLP,3,0,30,22425,19518,1.4160548448562622,1.8553501452635675,0.979074239730835,200,256,21.3
10,nowcast,PG-ResMLP,4,0,30,22425,19518,1.4034550189971924,1.8436210716557975,0.9793379902839661,200,256,21.2
10,nowcast,PG-ResMLP,5,0,30,22425,19518,1.3794101476669312,1.8310801430522234,0.9796181321144104,200,256,21.3
10,nowcast,PG-ResMLP,6,0,30,22425,19518,1.387316107749939,1.8270428054588994,0.9797079563140869,200,256,21.6
10,nowcast,PG-ResMLP,7,0,30,22425,19518,1.4586751461029053,1.9024424439194336,0.9779984951019287,180,256,19.2
10,nowcast,PG-ResMLP,8,0,30,22425,19518,1.3992069959640503,1.8380633444305008,0.9794623851776123,192,256,20.7
10,nowcast,PG-ResMLP,9,0,30,22425,19518,1.383352279663086,1.8301439792505363,0.9796389937400818,200,256,21.5
10,nowcast,PG-ResMLP,10,0,30,22425,19518,1.3825196027755737,1.8295528997596104,0.9796521067619324,200,256,21.4
10,nowcast,PG-ResMLP,11,0,30,22425,19518,1.4234925508499146,1.861530112868041,0.978934645652771,200,256,21.1
10,nowcast,PG-ResMLP,12,0,30,22425,19518,1.383000373840332,1.8224344614853236,0.9798101782798767,200,256,21.2
10,nowcast,PG-ResMLP,13,0,30,22425,19518,1.4563461542129517,1.8933401866685826,0.9782085418701172,200,256,21.2
10,nowcast,PG-ResMLP,14,0,30,22425,19518,1.3820087909698486,1.8174683449781344,0.9799200296401978,200,256,21.2
10,nowcast,PG-ResMLP,15,0,30,22425,19518,1.4060312509536743,1.839681695171132,0.9794262051582336,200,256,21.1
10,nowcast,PG-ResMLP,16,0,30,22425,19518,1.4312796592712402,1.865894588244716,0.9788357615470886,200,256,21.1
10,nowcast,PG-ResMLP,17,0,30,22425,19518,1.4102338552474976,1.8550703082680058,0.9790805578231812,200,256,21.4
10,nowcast,PG-ResMLP,18,0,30,22425,19518,1.4011887311935425,1.8534204360106938,0.979117751121521,200,256,21.4
10,nowcast,PG-ResMLP,19,0,30,22425,19518,1.3727012872695923,1.8149199280534007,0.9799762964248657,189,256,20.4
10,nowcast,LSTM,0,6,0,20455,17802,1.389548659324646,1.7911653112927741,0.9776411652565002,49,256,32.8
10,nowcast,LSTM,1,6,0,20455,17802,1.2848926782608032,1.6726782464581513,0.9805014133453369,64,256,42.5
10,nowcast,LSTM,2,6,0,20455,17802,1.2518612146377563,1.63565742842436,0.9813550114631653,94,256,62.2
10,nowcast,LSTM,3,6,0,20455,17802,1.288630723953247,1.6762921459295956,0.9804170727729797,85,256,56.3
10,nowcast,LSTM,4,6,0,20455,17802,1.314099669456482,1.7257980104101394,0.9792433381080627,66,256,44.2
10,nowcast,LSTM,5,6,0,20455,17802,1.2800921201705933,1.6746434615136165,0.9804555773735046,71,256,48.3
10,nowcast,LSTM,6,6,0,20455,17802,1.3188821077346802,1.7008862961941862,0.9798382520675659,75,256,51.2
10,nowcast,LSTM,7,6,0,20455,17802,1.2846105098724365,1.6831954166203091,0.9802554845809937,64,256,44.2
10,nowcast,LSTM,8,6,0,20455,17802,1.3614872694015503,1.7833551381759727,0.9778357148170471,55,256,38.1
10,nowcast,LSTM,9,6,0,20455,17802,1.3359860181808472,1.7474615214508775,0.9787189364433289,63,256,43.7
10,nowcast,LSTM,10,6,0,20455,17802,1.3164585828781128,1.726243624002116,0.9792326092720032,58,256,40.3
10,nowcast,LSTM,11,6,0,20455,17802,1.3299560546875,1.7075321675924695,0.9796803593635559,85,256,58.6
10,nowcast,LSTM,12,6,0,20455,17802,1.34989333152771,1.7447577022454086,0.9787847399711609,63,256,44.2
10,nowcast,LSTM,13,6,0,20455,17802,1.366624116897583,1.756358855325534,0.9785016775131226,70,256,49.2
10,nowcast,LSTM,14,6,0,20455,17802,1.327850103378296,1.727560315990658,0.9792008996009827,55,256,39.5
10,nowcast,LSTM,15,6,0,20455,17802,1.3531759977340698,1.7487201779203823,0.9786882996559143,72,256,51.2
10,nowcast,LSTM,16,6,0,20455,17802,1.3162927627563477,1.7009675245913296,0.9798363447189331,63,256,45.9
10,nowcast,LSTM,17,6,0,20455,17802,1.4104875326156616,1.7953050472147989,0.9775376915931702,52,256,37.5
10,nowcast,LSTM,18,6,0,20455,17802,1.3087762594223022,1.6959718046273837,0.9799546003341675,73,256,51.9
10,nowcast,LSTM,19,6,0,20455,17802,1.2484149932861328,1.6466367748317021,0.9811038374900818,98,256,69.3
10,forecast,PG-ResMLP,0,0,30,22001,19151,1.8700839281082153,2.343031099055268,0.9651418924331665,21,256,2.7
10,forecast,PG-ResMLP,1,0,30,22001,19151,1.8213251829147339,2.289919539791357,0.9667043089866638,21,256,2.7
10,forecast,PG-ResMLP,2,0,30,22001,19151,1.6845957040786743,2.1473120498565708,0.9707222580909729,22,256,2.8
10,forecast,PG-ResMLP,3,0,30,22001,19151,1.794612169265747,2.2685898947641947,0.9673216938972473,21,256,2.7
10,forecast,PG-ResMLP,4,0,30,22001,19151,1.7424522638320923,2.214680337680341,0.9688563346862793,21,256,2.7
10,forecast,PG-ResMLP,5,0,30,22001,19151,1.7419414520263672,2.2113438964022576,0.968950092792511,21,256,2.7
10,forecast,PG-ResMLP,6,0,30,22001,19151,1.7168148756027222,2.1898410803907535,0.9695510268211365,22,256,2.8
10,forecast,PG-ResMLP,7,0,30,22001,19151,1.7088011503219604,2.171430912859092,0.9700608253479004,22,256,2.8
10,forecast,PG-ResMLP,8,0,30,22001,19151,1.6972002983093262,2.1668117425716944,0.9701880812644958,22,256,2.8
10,forecast,PG-ResMLP,9,0,30,22001,19151,1.7276420593261719,2.201576933532575,0.9692237973213196,22,256,2.8
10,forecast,PG-ResMLP,10,0,30,22001,19151,1.7938295602798462,2.2702453855398947,0.9672739505767822,21,256,2.7
10,forecast,PG-ResMLP,11,0,30,22001,19151,1.843945026397705,2.316280676797623,0.9659333229064941,21,256,2.7
10,forecast,PG-ResMLP,12,0,30,22001,19151,1.6924183368682861,2.16722366313837,0.9701767563819885,22,256,2.8
10,forecast,PG-ResMLP,13,0,30,22001,19151,1.7357652187347412,2.197972759477198,0.9693244695663452,22,256,2.8
10,forecast,PG-ResMLP,14,0,30,22001,19151,1.8705575466156006,2.34288029111,0.9651463627815247,21,256,2.7
10,forecast,PG-ResMLP,15,0,30,22001,19151,1.7221709489822388,2.190745534587359,0.9695258736610413,22,256,2.8
10,forecast,PG-ResMLP,16,0,30,22001,19151,1.7012273073196411,2.174316132119481,0.9699811935424805,22,256,2.8
10,forecast,PG-ResMLP,17,0,30,22001,19151,1.6961393356323242,2.1655531613983827,0.9702227115631104,22,256,2.8
10,forecast,PG-ResMLP,18,0,30,22001,19151,1.692212700843811,2.16164453156412,0.9703301191329956,22,256,2.8
10,forecast,PG-ResMLP,19,0,30,22001,19151,1.6820592880249023,2.1564512297123555,0.9704724550247192,22,256,2.8
10,forecast,LSTM,0,6,0,20085,17478,1.4262826442718506,1.8690443183538874,0.9754655957221985,72,256,49.7
10,forecast,LSTM,1,6,0,20085,17478,1.4378752708435059,1.8693376873734757,0.9754579067230225,82,256,56.2
10,forecast,LSTM,2,6,0,20085,17478,1.469030499458313,1.9168156966720993,0.9741954207420349,64,256,44.6
10,forecast,LSTM,3,6,0,20085,17478,1.4392019510269165,1.8867412431533166,0.9749988317489624,79,256,55.1
10,forecast,LSTM,4,6,0,20085,17478,1.4227187633514404,1.866858034315434,0.9755229949951172,101,256,69.8
10,forecast,LSTM,5,6,0,20085,17478,1.4613615274429321,1.9079152947303097,0.974434494972229,69,256,48.2
10,forecast,LSTM,6,6,0,20085,17478,1.4424285888671875,1.8767155110838847,0.975263774394989,75,256,52.5
10,forecast,LSTM,7,6,0,20085,17478,1.4510743618011475,1.8971235963919648,0.9747229218482971,69,256,48.6
10,forecast,LSTM,8,6,0,20085,17478,1.4729623794555664,1.9397712438939019,0.973573625087738,71,256,50.1
10,forecast,LSTM,9,6,0,20085,17478,1.4573204517364502,1.8995444755598978,0.9746583700180054,83,256,58.6
10,forecast,LSTM,10,6,0,20085,17478,1.4197890758514404,1.8684693728604451,0.9754806756973267,72,256,51.7
10,forecast,LSTM,11,6,0,20085,17478,1.4069242477416992,1.8599616014967508,0.9757034778594971,88,256,63.2
10,forecast,LSTM,12,6,0,20085,17478,1.4026087522506714,1.8527497295955428,0.9758915305137634,92,256,65.4
10,forecast,LSTM,13,6,0,20085,17478,1.4288419485092163,1.8613115371973679,0.97566819190979,98,256,69.6
10,forecast,LSTM,14,6,0,20085,17478,1.4448989629745483,1.8876091098196148,0.9749758243560791,92,256,65.7
10,forecast,LSTM,15,6,0,20085,17478,1.4214897155761719,1.8767935122324948,0.9752617478370667,101,256,72.1
10,forecast,LSTM,16,6,0,20085,17478,1.4863382577896118,1.9261369666837453,0.973943829536438,70,256,50.6
10,forecast,LSTM,17,6,0,20085,17478,1.4169501066207886,1.8634409965957008,0.9756125211715698,83,256,59.9
10,forecast,LSTM,18,6,0,20085,17478,1.4284656047821045,1.886679575890543,0.9750004410743713,86,256,62.3
10,forecast,LSTM,19,6,0,20085,17478,1.4601848125457764,1.9050728962685513,0.9745106101036072,78,256,56.7
10,forecast,Hybrid,0,6,0,20085,17478,1.833561658859253,2.470225508893635,0.9571442604064941,34,256,84.4
10,forecast,Hybrid,1,6,0,20085,17478,1.4315400123596191,1.9092679132627952,0.9743982553482056,50,256,120.9
10,forecast,Hybrid,2,6,0,20085,17478,1.5676908493041992,2.0418015130594083,0.9707205295562744,38,256,92.0
10,forecast,Hybrid,3,6,0,20085,17478,1.4537328481674194,1.9204838998284057,0.9740965366363525,56,256,133.7
10,forecast,Hybrid,4,6,0,20085,17478,1.5238746404647827,2.0490030190411614,0.970513641834259,38,256,91.8
10,forecast,Hybrid,5,6,0,20085,17478,1.4799712896347046,1.9276579404014789,0.9739026427268982,54,256,129.3
10,forecast,Hybrid,6,6,0,20085,17478,1.7234071493148804,2.274255664333214,0.9636742472648621,35,256,84.7
10,forecast,Hybrid,7,6,0,20085,17478,1.463605523109436,1.939273084445323,0.9735872149467468,64,256,151.5
10,forecast,Hybrid,8,6,0,20085,17478,1.4765135049819946,1.9272113310774142,0.9739147424697876,31,256,75.6
10,forecast,Hybrid,9,6,0,20085,17478,1.5275520086288452,2.0534113993398804,0.9703866243362427,42,256,101.3
10,forecast,Hybrid,10,6,0,20085,17478,1.441330075263977,1.90085250401087,0.974623441696167,57,256,135.7
10,forecast,Hybrid,11,6,0,20085,17478,1.5637376308441162,2.014261301911127,0.9715050458908081,40,256,96.0
10,forecast,Hybrid,12,6,0,20085,17478,1.526206135749817,2.0003790496211176,0.9718964695930481,40,256,96.2
10,forecast,Hybrid,13,6,0,20085,17478,1.3521509170532227,1.8011952087836742,0.9772145748138428,75,256,179.9
10,forecast,Hybrid,14,6,0,20085,17478,1.36758291721344,1.8456731561720408,0.9760753512382507,79,256,187.9
10,forecast,Hybrid,15,6,0,20085,17478,1.4566084146499634,1.9387285582821991,0.9736020565032959,49,256,117.2
10,forecast,Hybrid,16,6,0,20085,17478,1.4357486963272095,1.935344604639829,0.9736941456794739,46,256,110.4
10,forecast,Hybrid,17,6,0,20085,17478,1.4197016954421997,1.8753274631650207,0.9753003716468811,45,256,108.7
10,forecast,Hybrid,18,6,0,20085,17478,1.5374834537506104,2.048669276157103,0.9705232381820679,31,256,76.1
10,forecast,Hybrid,19,6,0,20085,17478,1.413228154182434,1.8813016535869362,0.975142776966095,55,256,132.3
5,nowcast,Faiman,-1,0,0,45296,39431,2.495441707682667,3.0982846918607008,0.9428245067357072,0,0,0.0
5,nowcast,PG-ResMLP,0,0,30,45296,39431,1.4586089849472046,1.9325920207431615,0.9777542352676392,142,256,23.5
5,nowcast,PG-ResMLP,1,0,30,45296,39431,1.4435703754425049,1.9131734846489723,0.9781990051269531,200,256,32.9
5,nowcast,PG-ResMLP,2,0,30,45296,39431,1.467912197113037,1.9385441458425055,0.9776169657707214,199,256,32.9
5,nowcast,PG-ResMLP,3,0,30,45296,39431,1.4549174308776855,1.9342008003839868,0.9777171611785889,200,256,32.8
5,nowcast,PG-ResMLP,4,0,30,45296,39431,1.424459457397461,1.9032227915426603,0.9784252047538757,200,256,32.9
5,nowcast,PG-ResMLP,5,0,30,45296,39431,1.4494025707244873,1.9309056564547706,0.9777930378913879,118,256,19.7
5,nowcast,PG-ResMLP,6,0,30,45296,39431,1.4524548053741455,1.9240240471699241,0.9779510498046875,200,256,32.9
5,nowcast,PG-ResMLP,7,0,30,45296,39431,1.4486278295516968,1.9316798129990695,0.9777752161026001,136,256,22.5
5,nowcast,PG-ResMLP,8,0,30,45296,39431,1.4537290334701538,1.9204969350149281,0.9780318140983582,199,256,32.6
5,nowcast,PG-ResMLP,9,0,30,45296,39431,1.4219955205917358,1.899162248330405,0.9785171747207642,126,256,20.9
5,nowcast,PG-ResMLP,10,0,30,45296,39431,1.4282444715499878,1.9016770716234024,0.9784602522850037,200,256,32.9
5,nowcast,PG-ResMLP,11,0,30,45296,39431,1.4477243423461914,1.9179405940644327,0.978090226650238,164,256,27.3
5,nowcast,PG-ResMLP,12,0,30,45296,39431,1.445124626159668,1.915518008755612,0.9781455397605896,194,256,32.1
5,nowcast,PG-ResMLP,13,0,30,45296,39431,1.4675241708755493,1.952169199723883,0.9773012399673462,200,256,33.1
5,nowcast,PG-ResMLP,14,0,30,45296,39431,1.4668563604354858,1.9329357530402995,0.977746307849884,161,256,26.6
5,nowcast,PG-ResMLP,15,0,30,45296,39431,1.472690224647522,1.9346755575391583,0.977706253528595,140,256,23.3
5,nowcast,PG-ResMLP,16,0,30,45296,39431,1.4167898893356323,1.891699115402048,0.9786856770515442,188,256,31.2
5,nowcast,PG-ResMLP,17,0,30,45296,39431,1.4284968376159668,1.8887683169210783,0.9787516593933105,193,256,31.8
5,nowcast,PG-ResMLP,18,0,30,45296,39431,1.4364538192749023,1.9287591469449543,0.977842390537262,147,256,24.3
5,nowcast,PG-ResMLP,19,0,30,45296,39431,1.4429486989974976,1.918521591657558,0.9780769944190979,200,256,33.0
5,nowcast,LSTM,0,6,0,43196,37603,1.3229565620422363,1.713163625955999,0.9807087779045105,32,256,49.2
5,nowcast,LSTM,1,6,0,43196,37603,1.2894138097763062,1.6757033536719577,0.9815431833267212,55,256,83.2
5,nowcast,LSTM,2,6,0,43196,37603,1.371890902519226,1.756571013411838,0.979718804359436,78,256,117.0
5,nowcast,LSTM,3,6,0,43196,37603,1.3579845428466797,1.7424438014333674,0.9800437092781067,53,256,79.8
5,nowcast,LSTM,4,6,0,43196,37603,1.315122365951538,1.7029928453600902,0.980937123298645,52,256,79.3
5,nowcast,LSTM,5,6,0,43196,37603,1.308845043182373,1.6883571002237578,0.9812633991241455,61,256,93.4
5,nowcast,LSTM,6,6,0,43196,37603,1.292292833328247,1.6782384965474797,0.9814873337745667,40,256,62.3
5,nowcast,LSTM,7,6,0,43196,37603,1.3095835447311401,1.6948273839236867,0.9811195135116577,35,256,55.0
5,nowcast,LSTM,8,6,0,43196,37603,1.3023061752319336,1.699737750189227,0.9810099601745605,38,256,59.7
5,nowcast,LSTM,9,6,0,43196,37603,1.2748445272445679,1.6543727528578798,0.9820100665092468,54,256,84.9
5,nowcast,LSTM,10,6,0,43196,37603,1.3469475507736206,1.7445861315775022,0.9799945950508118,46,256,73.1
5,nowcast,LSTM,11,6,0,43196,37603,1.323665738105774,1.710946488030223,0.9807586669921875,47,256,74.3
5,nowcast,LSTM,12,6,0,43196,37603,1.2411667108535767,1.6430337571050373,0.9822558760643005,46,256,73.9
5,nowcast,LSTM,13,6,0,43196,37603,1.3947691917419434,1.7908636629788577,0.9789192080497742,31,256,51.8
5,nowcast,LSTM,14,6,0,43196,37603,1.2970612049102783,1.6713409283823897,0.9816391468048096,45,256,74.5
5,nowcast,LSTM,15,6,0,43196,37603,1.3663017749786377,1.760545022412077,0.9796269536018372,41,256,68.1
5,nowcast,LSTM,16,6,0,43196,37603,1.3093891143798828,1.685401671554698,0.9813289642333984,66,256,106.2
5,nowcast,LSTM,17,6,0,43196,37603,1.3387360572814941,1.7228713128402569,0.9804895520210266,38,256,62.2
5,nowcast,LSTM,18,6,0,43196,37603,1.328628420829773,1.7262142054488085,0.9804137349128723,37,256,61.2
5,nowcast,LSTM,19,6,0,43196,37603,1.2919729948043823,1.6902370861041423,0.9812216758728027,42,256,69.6
5,forecast,PG-ResMLP,0,0,30,44844,39038,1.4592201709747314,1.8836691399466179,0.9783383011817932,200,256,33.2
5,forecast,PG-ResMLP,1,0,30,44844,39038,1.5407484769821167,1.9891503014255552,0.9758443832397461,21,256,4.0
5,forecast,PG-ResMLP,2,0,30,44844,39038,1.5809962749481201,2.0271965076286986,0.9749115109443665,21,256,4.0
5,forecast,PG-ResMLP,3,0,30,44844,39038,1.559985876083374,2.014784290135996,0.9752177596092224,21,256,4.0
5,forecast,PG-ResMLP,4,0,30,44844,39038,1.5710333585739136,2.0203928778783213,0.9750795960426331,21,256,3.9
5,forecast,PG-ResMLP,5,0,30,44844,39038,1.5925021171569824,2.039308847330042,0.9746108055114746,21,256,3.9
5,forecast,PG-ResMLP,6,0,30,44844,39038,1.454820990562439,1.8861280823800648,0.9782817363739014,200,256,32.8
5,forecast,PG-ResMLP,7,0,30,44844,39038,1.5875035524368286,2.0389973714080973,0.9746185541152954,21,256,3.9
5,forecast,PG-ResMLP,8,0,30,44844,39038,1.5782244205474854,2.030403665143095,0.9748320579528809,21,256,3.9
5,forecast,PG-ResMLP,9,0,30,44844,39038,1.4375404119491577,1.8767181789291563,0.9784978628158569,200,256,33.0
5,forecast,PG-ResMLP,10,0,30,44844,39038,1.431510090827942,1.864503279802011,0.9787768721580505,152,256,25.1
5,forecast,PG-ResMLP,11,0,30,44844,39038,1.6105046272277832,2.0675409154752673,0.9739029407501221,21,256,3.9
5,forecast,PG-ResMLP,12,0,30,44844,39038,1.4100449085235596,1.8409436738547398,0.9793098568916321,200,256,33.0
5,forecast,PG-ResMLP,13,0,30,44844,39038,1.46083664894104,1.8882525983600877,0.978232741355896,31,256,5.6
5,forecast,PG-ResMLP,14,0,30,44844,39038,1.470082402229309,1.898002668903432,0.9780073761940002,25,256,4.6
5,forecast,PG-ResMLP,15,0,30,44844,39038,1.4637517929077148,1.8890303515151132,0.9782148599624634,200,256,33.7
5,forecast,PG-ResMLP,16,0,30,44844,39038,1.404269814491272,1.8350127792952837,0.9794429540634155,200,256,33.1
5,forecast,PG-ResMLP,17,0,30,44844,39038,1.4525777101516724,1.8759846962668543,0.9785146713256836,31,256,5.6
5,forecast,PG-ResMLP,18,0,30,44844,39038,1.600569248199463,2.0516571790081746,0.9743024110794067,21,256,3.9
5,forecast,PG-ResMLP,19,0,30,44844,39038,1.4301975965499878,1.8639786093061603,0.9787887930870056,200,256,33.1
5,forecast,LSTM,0,6,0,42807,37265,1.3828492164611816,1.7818364299023763,0.9788634777069092,37,256,61.2
5,forecast,LSTM,1,6,0,42807,37265,1.3511947393417358,1.75188582853522,0.9795680642127991,54,256,87.5
5,forecast,LSTM,2,6,0,42807,37265,1.337775707244873,1.7376810130503944,0.9798980355262756,45,256,73.6
5,forecast,LSTM,3,6,0,42807,37265,1.3587803840637207,1.7504224948412217,0.9796021580696106,50,256,82.1
5,forecast,LSTM,4,6,0,42807,37265,1.4008134603500366,1.8053013141662584,0.978303074836731,38,256,62.4
5,forecast,LSTM,5,6,0,42807,37265,1.3000435829162598,1.6941517314762324,0.980892539024353,65,256,105.6
5,forecast,LSTM,6,6,0,42807,37265,1.3463155031204224,1.7438850514607118,0.9797542691230774,43,256,71.9
5,forecast,LSTM,7,6,0,42807,37265,1.3950330018997192,1.791805446779727,0.9786263108253479,34,256,56.6
5,forecast,LSTM,8,6,0,42807,37265,1.3179411888122559,1.7355985020341143,0.9799461960792542,39,256,64.6
5,forecast,LSTM,9,6,0,42807,37265,1.3035216331481934,1.7043959748586535,0.9806607365608215,47,256,77.5
5,forecast,LSTM,10,6,0,42807,37265,1.3869960308074951,1.8021001061631001,0.9783799648284912,33,256,56.9
5,forecast,LSTM,11,6,0,42807,37265,1.3633503913879395,1.7473632157565098,0.9796733856201172,55,256,91.6
5,forecast,LSTM,12,6,0,42807,37265,1.3174973726272583,1.7167063961554976,0.9803804159164429,68,256,114.5
5,forecast,LSTM,13,6,0,42807,37265,1.3361811637878418,1.7276312510732892,0.9801298975944519,46,256,77.7
5,forecast,LSTM,14,6,0,42807,37265,1.3265202045440674,1.718002226027622,0.9803507328033447,62,256,104.6
5,forecast,LSTM,15,6,0,42807,37265,1.4097599983215332,1.8053206617036477,0.9783026576042175,50,256,83.2
5,forecast,LSTM,16,6,0,42807,37265,1.2852956056594849,1.6834053943179141,0.9811341762542725,47,256,79.5
5,forecast,LSTM,17,6,0,42807,37265,1.3465601205825806,1.7409926623738117,0.9798213243484497,42,256,71.0
5,forecast,LSTM,18,6,0,42807,37265,1.3719381093978882,1.7616733452132904,0.9793391227722168,50,256,84.8
5,forecast,LSTM,19,6,0,42807,37265,1.371617078781128,1.7895648367669375,0.9786797165870667,44,256,74.4
5,forecast,Hybrid,0,6,0,42807,37265,1.5840305089950562,2.0533966535036217,0.9719299077987671,33,256,187.1
5,forecast,Hybrid,1,6,0,42807,37265,1.3593860864639282,1.7880701369582812,0.9787153005599976,37,256,213.2
5,forecast,Hybrid,2,6,0,42807,37265,1.3905134201049805,1.776453017163508,0.9789909720420837,61,256,337.3
5,forecast,Hybrid,3,6,0,42807,37265,1.309509038925171,1.7200361121622807,0.9803041815757751,51,256,282.4
5,forecast,Hybrid,4,6,0,42807,37265,1.358853816986084,1.7899321728647768,0.9786709547042847,74,256,407.8
5,forecast,Hybrid,5,6,0,42807,37265,1.2583223581314087,1.6607512720445696,0.9816385507583618,86,256,470.7
5,forecast,Hybrid,6,6,0,42807,37265,1.3039665222167969,1.6983352644400558,0.980798065662384,64,256,350.6
5,forecast,Hybrid,7,6,0,42807,37265,1.2473708391189575,1.6407409626986358,0.9820783138275146,50,256,276.7
5,forecast,Hybrid,8,6,0,42807,37265,1.2373818159103394,1.6483272135935632,0.9819121956825256,66,256,361.1
5,forecast,Hybrid,9,6,0,42807,37265,1.3968535661697388,1.8359978199241511,0.977558970451355,67,256,365.4
5,forecast,Hybrid,10,6,0,42807,37265,1.3512262105941772,1.764789484886046,0.9792659282684326,46,256,253.3
5,forecast,Hybrid,11,6,0,42807,37265,1.3457527160644531,1.7425910242899196,0.9797842502593994,58,256,324.2
5,forecast,Hybrid,12,6,0,42807,37265,1.4231383800506592,1.8404918266266206,0.9774489998817444,48,256,271.3
5,forecast,Hybrid,13,6,0,42807,37265,1.4184157848358154,1.8028380590443147,0.9783622622489929,46,256,256.1
5,forecast,Hybrid,14,6,0,42807,37265,1.2857812643051147,1.7033356702506102,0.9806848168373108,90,256,494.4
5,forecast,Hybrid,15,6,0,42807,37265,1.5943856239318848,2.0059334240759217,0.9732125401496887,28,256,158.2
5,forecast,Hybrid,16,6,0,42807,37265,1.2928624153137207,1.7052712871820639,0.9806408882141113,62,256,343.8
5,forecast,Hybrid,17,6,0,42807,37265,1.2213259935379028,1.6007342918586844,0.9829416871070862,72,256,400.8
5,forecast,Hybrid,18,6,0,42807,37265,1.3355506658554077,1.7344836639180432,0.9799719452857971,40,256,222.9
5,forecast,Hybrid,19,6,0,42807,37265,1.2252328395843506,1.6121319609553342,0.9826978445053101,64,256,351.7
