site,resolution,mode,model,seed,n_train,n_test,MAE,RMSE,R2,epochs,batch,train_s
CO,60,nowcast,Faiman,-1,773,194,1.445645809173584,1.8536360192063648,0.9779844284057617,0,0,0.0
CO,60,nowcast,PG-ResMLP,0,773,194,1.2239563465118408,1.6130359823443259,0.9833287000656128,200,32,13.1
CO,60,nowcast,PG-ResMLP,1,773,194,1.2421308755874634,1.6613173788742504,0.9823157787322998,200,32,13.1
CO,60,nowcast,PG-ResMLP,2,773,194,1.2519367933273315,1.6859848850156458,0.9817867279052734,200,32,12.9
CO,60,nowcast,PG-ResMLP,3,773,194,1.240247130393982,1.6152611652998579,0.9832826852798462,114,32,7.6
CO,60,nowcast,PG-ResMLP,4,773,194,1.2502943277359009,1.6711914233696603,0.9821048974990845,200,32,13.0
CO,60,nowcast,PG-ResMLP,5,773,194,1.2927443981170654,1.6989407717578509,0.9815056920051575,200,32,12.8
CO,60,nowcast,PG-ResMLP,6,773,194,1.2177680730819702,1.627759131620253,0.9830229878425598,200,32,12.7
CO,60,nowcast,PG-ResMLP,7,773,194,1.2089601755142212,1.6166550501507668,0.9832538366317749,200,32,12.7
CO,60,nowcast,PG-ResMLP,8,773,194,1.2186287641525269,1.5944764968465266,0.9837101101875305,200,32,12.8
CO,60,nowcast,PG-ResMLP,9,773,194,1.243826985359192,1.6397222305786976,0.9827725291252136,181,32,11.7
CO,60,nowcast,PG-ResMLP,10,773,194,1.2325313091278076,1.6510051237889802,0.982534646987915,200,32,12.8
CO,60,nowcast,PG-ResMLP,11,773,194,1.1888377666473389,1.6019884240950208,0.9835562705993652,200,32,12.8
CO,60,nowcast,PG-ResMLP,12,773,194,1.2391165494918823,1.6478958324685933,0.9826003313064575,200,32,12.9
CO,60,nowcast,PG-ResMLP,13,773,194,1.2416683435440063,1.6343243913856502,0.9828857779502869,200,32,12.8
CO,60,nowcast,PG-ResMLP,14,773,194,1.2639356851577759,1.6703871764715745,0.9821221232414246,200,32,12.8
CO,60,nowcast,PG-ResMLP,15,773,194,1.1893644332885742,1.59987130541598,0.9835997223854065,200,32,12.8
CO,60,nowcast,PG-ResMLP,16,773,194,1.2667064666748047,1.6757023577137256,0.982008159160614,200,32,12.8
CO,60,nowcast,PG-ResMLP,17,773,194,1.171317458152771,1.5799633687034336,0.984005331993103,200,32,12.8
CO,60,nowcast,PG-ResMLP,18,773,194,1.204649567604065,1.6013956866966026,0.9835684299468994,200,32,12.7
CO,60,nowcast,PG-ResMLP,19,773,194,1.2204197645187378,1.6143660696552837,0.9833012223243713,200,32,12.8
CO,60,forecast,PG-ResMLP,0,517,130,3.8936257362365723,5.18977820685082,0.8110016584396362,44,32,3.0
CO,60,forecast,PG-ResMLP,1,517,130,3.981626510620117,5.170497561036706,0.8124033212661743,47,32,3.1
CO,60,forecast,PG-ResMLP,2,517,130,3.514268159866333,4.943556535602999,0.8285097479820251,200,32,11.8
CO,60,forecast,PG-ResMLP,3,517,130,3.821585178375244,5.099136219551982,0.8175458908081055,53,32,3.5
CO,60,forecast,PG-ResMLP,4,517,130,3.9295876026153564,5.162415119055247,0.812989354133606,53,32,3.5
CO,60,forecast,PG-ResMLP,5,517,130,3.970482349395752,5.249764936725181,0.8066072463989258,53,32,3.5
CO,60,forecast,PG-ResMLP,6,517,130,3.8004074096679688,5.095182439740336,0.8178287148475647,54,32,3.6
CO,60,forecast,PG-ResMLP,7,517,130,4.057737827301025,5.223806889304776,0.8085150718688965,47,32,3.2
CO,60,forecast,PG-ResMLP,8,517,130,4.017988204956055,5.27149233511811,0.8050031661987305,47,32,3.2
CO,60,forecast,PG-ResMLP,9,517,130,3.9446420669555664,5.168476751593519,0.8125499486923218,45,32,3.1
CO,60,forecast,PG-ResMLP,10,517,130,3.8150086402893066,5.002993831785503,0.824361264705658,52,32,3.5
CO,60,forecast,PG-ResMLP,11,517,130,3.984575033187866,5.217795278970055,0.8089555501937866,45,32,3.0
CO,60,forecast,PG-ResMLP,12,517,130,3.8628463745117188,5.23131086708308,0.807964563369751,59,32,3.9
CO,60,forecast,PG-ResMLP,13,517,130,4.051950454711914,5.254554226421895,0.8062542676925659,48,32,3.2
CO,60,forecast,PG-ResMLP,14,517,130,4.064135551452637,5.312437887389653,0.80196213722229,49,32,3.3
CO,60,forecast,PG-ResMLP,15,517,130,4.0016326904296875,5.228325014911358,0.8081836700439453,49,32,3.3
CO,60,forecast,PG-ResMLP,16,517,130,3.885061264038086,5.161029796600807,0.8130897283554077,49,32,3.3
CO,60,forecast,PG-ResMLP,17,517,130,3.9987876415252686,5.1646981129491385,0.8128239512443542,47,32,3.2
CO,60,forecast,PG-ResMLP,18,517,130,3.9081192016601562,5.164461013722135,0.8128411173820496,48,32,3.2
CO,60,forecast,PG-ResMLP,19,517,130,4.124282360076904,5.243172520335653,0.8070926666259766,46,32,3.1
CO,30,nowcast,Faiman,-1,2358,590,1.716529130935669,2.261166098215313,0.9699530005455017,0,0,0.0
CO,30,nowcast,PG-ResMLP,0,2358,590,1.5588674545288086,1.9819940415416963,0.9769144058227539,200,35,18.1
CO,30,nowcast,PG-ResMLP,1,2358,590,1.6284730434417725,2.0564238315373005,0.9751480221748352,200,35,18.3
CO,30,nowcast,PG-ResMLP,2,2358,590,1.6711220741271973,2.0980035647061066,0.9741328358650208,51,35,5.0
CO,30,nowcast,PG-ResMLP,3,2358,590,1.635568380355835,2.0495737935331677,0.9753133058547974,27,35,2.9
CO,30,nowcast,PG-ResMLP,4,2358,590,1.6370691061019897,2.0516432340240827,0.9752634167671204,47,35,4.7
CO,30,nowcast,PG-ResMLP,5,2358,590,1.5307748317718506,1.9690965619915082,0.9772139191627502,200,35,18.2
CO,30,nowcast,PG-ResMLP,6,2358,590,1.6596953868865967,2.0910420912634216,0.9743042588233948,179,35,16.4
CO,30,nowcast,PG-ResMLP,7,2358,590,1.6099445819854736,2.04623426353262,0.9753936529159546,200,35,18.2
CO,30,nowcast,PG-ResMLP,8,2358,590,1.6647653579711914,2.08042218582009,0.9745645523071289,50,35,4.9
CO,30,nowcast,PG-ResMLP,9,2358,590,1.597420334815979,2.014697312369163,0.9761463403701782,104,35,9.6
CO,30,nowcast,PG-ResMLP,10,2358,590,1.638736367225647,2.0426671697219216,0.9754794239997864,29,35,3.0
CO,30,nowcast,PG-ResMLP,11,2358,590,1.5115267038345337,1.9395459355546878,0.9778926968574524,124,35,11.3
CO,30,nowcast,PG-ResMLP,12,2358,590,1.5964336395263672,2.019901913064919,0.9760228991508484,28,35,2.9
CO,30,nowcast,PG-ResMLP,13,2358,590,1.6415847539901733,2.065202503019741,0.9749353528022766,29,35,3.0
CO,30,nowcast,PG-ResMLP,14,2358,590,1.6519774198532104,2.0702729995126212,0.9748121500015259,198,35,17.8
CO,30,nowcast,PG-ResMLP,15,2358,590,1.6505070924758911,2.0635766196014678,0.9749748110771179,55,35,5.3
CO,30,nowcast,PG-ResMLP,16,2358,590,1.6294820308685303,2.0425356228919167,0.9754825830459595,200,35,18.2
CO,30,nowcast,PG-ResMLP,17,2358,590,1.613285779953003,2.0356434185915346,0.9756477475166321,28,35,3.0
CO,30,nowcast,PG-ResMLP,18,2358,590,1.58915376663208,2.0116667213008004,0.976218044757843,131,35,12.1
CO,30,nowcast,PG-ResMLP,19,2358,590,1.5474685430526733,1.98098760124767,0.9769378900527954,102,35,9.5
CO,30,nowcast,LSTM,0,844,216,3.188901662826538,3.8260177106113376,0.903611958026886,36,32,4.9
CO,30,nowcast,LSTM,1,844,216,2.942732572555542,3.482184846506115,0.9201577305793762,49,32,6.2
CO,30,nowcast,LSTM,2,844,216,2.7579758167266846,3.3007670927026274,0.9282603859901428,48,32,6.0
CO,30,nowcast,LSTM,3,844,216,3.1750431060791016,3.7739095767721227,0.9062196016311646,39,32,5.2
CO,30,nowcast,LSTM,4,844,216,2.664463520050049,3.1650509644272513,0.934038519859314,54,32,6.7
CO,30,nowcast,LSTM,5,844,216,3.403414487838745,4.211584943776804,0.8832060694694519,34,32,4.7
CO,30,nowcast,LSTM,6,844,216,2.2052385807037354,2.6400891725334246,0.9541049003601074,85,32,9.5
CO,30,nowcast,LSTM,7,844,216,2.1830875873565674,2.645672099890298,0.9539105892181396,83,32,9.3
CO,30,nowcast,LSTM,8,844,216,2.6431078910827637,3.174147369761426,0.93365877866745,50,32,6.2
CO,30,nowcast,LSTM,9,844,216,2.8001651763916016,3.347332327805017,0.926222026348114,48,32,6.0
CO,30,nowcast,LSTM,10,844,216,2.9022216796875,3.455108763201494,0.9213945865631104,50,32,6.2
CO,30,nowcast,LSTM,11,844,216,2.4830594062805176,2.9524058924704177,0.9426040649414062,54,32,6.6
CO,30,nowcast,LSTM,12,844,216,2.6524291038513184,3.2632352855423394,0.9298825860023499,51,32,6.3
CO,30,nowcast,LSTM,13,844,216,2.2742462158203125,2.707160275069308,0.9517433643341064,78,32,8.7
CO,30,nowcast,LSTM,14,844,216,2.800664186477661,3.296832477602703,0.9284313321113586,46,32,5.9
CO,30,nowcast,LSTM,15,844,216,3.0594849586486816,3.688850155656398,0.910399317741394,44,32,5.8
CO,30,nowcast,LSTM,16,844,216,2.5615463256835938,3.053827267081891,0.9385929703712463,67,32,7.9
CO,30,nowcast,LSTM,17,844,216,2.278402328491211,2.7692321701942877,0.9495050311088562,57,32,7.0
CO,30,nowcast,LSTM,18,844,216,2.49721360206604,2.9728978142856795,0.9418045282363892,57,32,6.9
CO,30,nowcast,LSTM,19,844,216,2.4322621822357178,2.8963969571792347,0.9447610378265381,69,32,8.0
CO,30,forecast,PG-ResMLP,0,1889,481,2.348768472671509,3.501100911974003,0.9235203862190247,65,32,5.9
CO,30,forecast,PG-ResMLP,1,1889,481,2.4491214752197266,3.582815768693314,0.9199086427688599,47,32,4.4
CO,30,forecast,PG-ResMLP,2,1889,481,2.429076671600342,3.566480052974041,0.9206373691558838,55,32,5.2
CO,30,forecast,PG-ResMLP,3,1889,481,2.393296241760254,3.538878177112262,0.9218609929084778,61,32,5.6
CO,30,forecast,PG-ResMLP,4,1889,481,2.4565675258636475,3.5498487467176334,0.9213758111000061,47,32,4.4
CO,30,forecast,PG-ResMLP,5,1889,481,2.4298980236053467,3.535845981143433,0.9219948649406433,57,32,5.2
CO,30,forecast,PG-ResMLP,6,1889,481,2.4561030864715576,3.5499506987251115,0.9213712811470032,40,32,3.9
CO,30,forecast,PG-ResMLP,7,1889,481,2.4845168590545654,3.561904723643649,0.920840859413147,49,32,4.6
CO,30,forecast,PG-ResMLP,8,1889,481,2.473383665084839,3.56803504209032,0.9205681085586548,38,32,3.7
CO,30,forecast,PG-ResMLP,9,1889,481,2.424964666366577,3.5614870203958002,0.9208593964576721,47,32,4.4
CO,30,forecast,PG-ResMLP,10,1889,481,2.3747217655181885,3.5224460467179015,0.9225849509239197,200,32,17.4
CO,30,forecast,PG-ResMLP,11,1889,481,2.3953990936279297,3.5458138512787047,0.921554446220398,60,32,5.7
CO,30,forecast,PG-ResMLP,12,1889,481,2.4094605445861816,3.531822495766394,0.9221723079681396,81,32,7.2
CO,30,forecast,PG-ResMLP,13,1889,481,2.4431135654449463,3.566956927767469,0.9206161499023438,58,32,5.3
CO,30,forecast,PG-ResMLP,14,1889,481,2.3847672939300537,3.5070132426111678,0.923261821269989,84,32,7.5
CO,30,forecast,PG-ResMLP,15,1889,481,2.5039799213409424,3.552232636626142,0.9212701320648193,35,32,3.4
CO,30,forecast,PG-ResMLP,16,1889,481,2.435833692550659,3.5638672731305134,0.9207535982131958,93,32,8.4
CO,30,forecast,PG-ResMLP,17,1889,481,2.4794130325317383,3.5747271400306047,0.9202699065208435,41,32,3.9
CO,30,forecast,PG-ResMLP,18,1889,481,2.4632692337036133,3.56480373382681,0.9207119345664978,50,32,4.6
CO,30,forecast,PG-ResMLP,19,1889,481,2.5165605545043945,3.5802251657610626,0.9200244545936584,38,32,3.7
CO,30,forecast,LSTM,0,702,179,4.376120567321777,5.172159699962296,0.8310211896896362,33,32,4.4
CO,30,forecast,LSTM,1,702,179,4.198625564575195,5.071384498819162,0.8375418186187744,34,32,4.6
CO,30,forecast,LSTM,2,702,179,3.581291675567627,4.405572068027265,0.8773992657661438,41,32,5.1
CO,30,forecast,LSTM,3,702,179,3.6260263919830322,4.358166380116453,0.8800235390663147,41,32,5.2
CO,30,forecast,LSTM,4,702,179,3.775625228881836,4.541177962488071,0.8697356581687927,38,32,5.0
CO,30,forecast,LSTM,5,702,179,4.209855556488037,5.0538961507425375,0.8386603593826294,35,32,4.7
CO,30,forecast,LSTM,6,702,179,4.276800155639648,5.241048720443598,0.8264898657798767,37,32,4.8
CO,30,forecast,LSTM,7,702,179,3.6004676818847656,4.328175017691018,0.8816691040992737,45,32,5.6
CO,30,forecast,LSTM,8,702,179,3.740483283996582,4.496822718991715,0.8722679018974304,41,32,5.2
CO,30,forecast,LSTM,9,702,179,3.8355231285095215,4.5793973957741265,0.867533802986145,46,32,5.6
CO,30,forecast,LSTM,10,702,179,4.259155750274658,5.1365115511918535,0.833342432975769,39,32,4.9
CO,30,forecast,LSTM,11,702,179,3.5232410430908203,4.243822207840792,0.8862365484237671,41,32,5.2
CO,30,forecast,LSTM,12,702,179,3.7165112495422363,4.4527909002958825,0.8747571110725403,48,32,5.8
CO,30,forecast,LSTM,13,702,179,4.4309306144714355,5.327179497646619,0.8207401037216187,32,32,4.4
CO,30,forecast,LSTM,14,702,179,3.830683946609497,4.575851969785479,0.8677388429641724,38,32,4.9
CO,30,forecast,LSTM,15,702,179,4.06036901473999,4.892048296536384,0.8488284945487976,39,32,5.1
CO,30,forecast,LSTM,16,702,179,3.4713563919067383,4.3381559727910535,0.8811227083206177,40,32,5.2
CO,30,forecast,LSTM,17,702,179,3.7878174781799316,4.580904901056604,0.8674465417861938,39,32,5.0
CO,30,forecast,LSTM,18,702,179,3.947664976119995,4.800805882514105,0.8544149398803711,37,32,4.9
CO,30,forecast,LSTM,19,702,179,3.4819438457489014,4.1887319090750506,0.8891709446907043,44,32,5.4
CO,30,forecast,Hybrid,0,702,179,3.416577100753784,4.279938434264987,0.88429194688797,88,32,15.4
CO,30,forecast,Hybrid,1,702,179,3.366123676300049,4.062939898809468,0.8957276344299316,78,32,13.6
CO,30,forecast,Hybrid,2,702,179,4.2009968757629395,5.014155187371248,0.8411877751350403,46,32,8.9
CO,30,forecast,Hybrid,3,702,179,3.666645050048828,4.329359629017123,0.8816043138504028,59,32,10.7
CO,30,forecast,Hybrid,4,702,179,3.2190723419189453,4.0329354481391615,0.8972620368003845,79,32,13.4
CO,30,forecast,Hybrid,5,702,179,3.3594722747802734,4.109791781680616,0.8933089375495911,78,32,13.3
CO,30,forecast,Hybrid,6,702,179,3.4802026748657227,4.164451595256379,0.8904520869255066,64,32,11.4
CO,30,forecast,Hybrid,7,702,179,3.7557461261749268,4.707044419392885,0.8600460886955261,47,32,9.1
CO,30,forecast,Hybrid,8,702,179,4.427366256713867,5.2323646442605485,0.8270643949508667,42,32,8.3
CO,30,forecast,Hybrid,9,702,179,3.8612442016601562,4.668227184595569,0.8623448610305786,64,32,11.4
CO,30,forecast,Hybrid,10,702,179,3.6140525341033936,4.353525482618382,0.8802789449691772,54,32,10.0
CO,30,forecast,Hybrid,11,702,179,3.3108415603637695,4.002553601546387,0.8988041281700134,60,32,10.9
CO,30,forecast,Hybrid,12,702,179,3.847564220428467,4.730076818507747,0.858673095703125,52,32,9.8
CO,30,forecast,Hybrid,13,702,179,4.220881462097168,5.007425135539933,0.84161376953125,48,32,9.3
CO,30,forecast,Hybrid,14,702,179,3.063826084136963,3.7761320677711354,0.9099294543266296,77,32,13.5
CO,30,forecast,Hybrid,15,702,179,4.131122589111328,4.985043854515757,0.8430264592170715,48,32,9.3
CO,30,forecast,Hybrid,16,702,179,3.7491986751556396,4.618532349616394,0.8652600049972534,66,32,11.9
CO,30,forecast,Hybrid,17,702,179,3.845127582550049,4.64577663141839,0.8636656999588013,56,32,10.4
CO,30,forecast,Hybrid,18,702,179,3.712028741836548,4.675890775463792,0.8618925213813782,52,32,9.9
CO,30,forecast,Hybrid,19,702,179,3.57393479347229,4.392634139121512,0.8781182765960693,47,32,9.1
CO,15,nowcast,Faiman,-1,5274,1319,1.908061146736145,2.675533355590515,0.9587284326553345,0,0,0.0
CO,15,nowcast,PG-ResMLP,0,5274,1319,1.8592208623886108,2.4700526410257893,0.9648242592811584,185,79,16.9
CO,15,nowcast,PG-ResMLP,1,5274,1319,1.8330235481262207,2.4667624669759847,0.9649178981781006,29,79,3.1
CO,15,nowcast,PG-ResMLP,2,5274,1319,1.8175526857376099,2.4647571772199934,0.9649749398231506,25,79,2.7
CO,15,nowcast,PG-ResMLP,3,5274,1319,1.7886245250701904,2.4921233070261786,0.9641928672790527,22,79,2.5
CO,15,nowcast,PG-ResMLP,4,5274,1319,1.8031415939331055,2.394258816578049,0.9669498801231384,200,79,18.8
CO,15,nowcast,PG-ResMLP,5,5274,1319,1.8005961179733276,2.3871394659114316,0.9671461582183838,144,79,13.6
CO,15,nowcast,PG-ResMLP,6,5274,1319,1.849777102470398,2.4716431288349736,0.9647789597511292,28,79,3.0
CO,15,nowcast,PG-ResMLP,7,5274,1319,1.7294403314590454,2.309321306608451,0.9692532420158386,151,79,14.0
CO,15,nowcast,PG-ResMLP,8,5274,1319,1.7756026983261108,2.3691635696797007,0.9676390886306763,200,79,18.4
CO,15,nowcast,PG-ResMLP,9,5274,1319,1.757761836051941,2.373796559661113,0.9675124287605286,95,79,9.0
CO,15,nowcast,PG-ResMLP,10,5274,1319,1.8405681848526,2.515046615926958,0.9635310769081116,23,79,2.5
CO,15,nowcast,PG-ResMLP,11,5274,1319,1.7783732414245605,2.39786803601951,0.9668501615524292,200,79,18.2
CO,15,nowcast,PG-ResMLP,12,5274,1319,1.783111333847046,2.4004609460051416,0.9667784571647644,200,79,18.2
CO,15,nowcast,PG-ResMLP,13,5274,1319,1.791151523590088,2.453142008145408,0.9653042554855347,25,79,2.7
CO,15,nowcast,PG-ResMLP,14,5274,1319,1.8430771827697754,2.480579187532891,0.9645238518714905,25,79,2.7
CO,15,nowcast,PG-ResMLP,15,5274,1319,1.6861975193023682,2.2881362655516533,0.9698147773742676,200,79,18.2
CO,15,nowcast,PG-ResMLP,16,5274,1319,1.799315333366394,2.3893787401765274,0.9670844674110413,142,79,13.0
CO,15,nowcast,PG-ResMLP,17,5274,1319,1.8069300651550293,2.46121282097056,0.9650756120681763,26,79,2.9
CO,15,nowcast,PG-ResMLP,18,5274,1319,1.75100839138031,2.3612418967532554,0.9678551554679871,102,79,9.5
CO,15,nowcast,PG-ResMLP,19,5274,1319,1.7814202308654785,2.3906433503687055,0.9670496582984924,200,79,18.3
CO,15,nowcast,LSTM,0,3058,778,1.9735445976257324,2.507755076859121,0.9600780010223389,41,45,9.1
CO,15,nowcast,LSTM,1,3058,778,1.9421896934509277,2.507078069176604,0.9600995779037476,59,45,12.4
CO,15,nowcast,LSTM,2,3058,778,1.787031888961792,2.3139207960139494,0.9660109877586365,88,45,17.7
CO,15,nowcast,LSTM,3,3058,778,1.735334038734436,2.3124722659535712,0.9660534858703613,52,45,11.2
CO,15,nowcast,LSTM,4,3058,778,2.3543739318847656,2.8242991160332456,0.9493635296821594,63,45,13.3
CO,15,nowcast,LSTM,5,3058,778,1.8131684064865112,2.3373951526321646,0.9653178453445435,80,45,16.3
CO,15,nowcast,LSTM,6,3058,778,1.8370729684829712,2.368990372109645,0.9643738865852356,69,45,14.2
CO,15,nowcast,LSTM,7,3058,778,2.142514944076538,2.6952698635101453,0.9538845419883728,57,45,12.1
CO,15,nowcast,LSTM,8,3058,778,2.0653207302093506,2.5963122110347148,0.9572086930274963,40,45,8.9
CO,15,nowcast,LSTM,9,3058,778,2.0229947566986084,2.5624278919029884,0.9583183526992798,48,45,10.5
CO,15,nowcast,LSTM,10,3058,778,2.5541741847991943,3.1114599244290653,0.9385431408882141,32,45,7.5
CO,15,nowcast,LSTM,11,3058,778,2.3037617206573486,2.7867416855724056,0.9507012963294983,58,45,12.3
CO,15,nowcast,LSTM,12,3058,778,2.021390438079834,2.5643533656755486,0.9582556486129761,58,45,12.4
CO,15,nowcast,LSTM,13,3058,778,1.9126020669937134,2.472942606900517,0.961178719997406,61,45,12.9
CO,15,nowcast,LSTM,14,3058,778,2.035753011703491,2.5925173300712903,0.9573336839675903,77,45,16.0
CO,15,nowcast,LSTM,15,3058,778,1.856622576713562,2.3929694155481345,0.9636490345001221,61,45,13.0
CO,15,nowcast,LSTM,16,3058,778,1.9682015180587769,2.46188297577433,0.9615252017974854,74,45,15.4
CO,15,nowcast,LSTM,17,3058,778,2.440814971923828,2.9931091004843684,0.9431295394897461,31,45,7.4
CO,15,nowcast,LSTM,18,3058,778,1.8199938535690308,2.3220146948376517,0.9657727479934692,56,45,12.0
CO,15,nowcast,LSTM,19,3058,778,2.207089424133301,2.741747176854042,0.9522804021835327,52,45,12.0
CO,15,forecast,PG-ResMLP,0,4700,1181,1.9682633876800537,3.005753245720233,0.9466364979743958,64,70,6.6
CO,15,forecast,PG-ResMLP,1,4700,1181,1.9630249738693237,3.0011629393699137,0.9467993378639221,146,70,13.9
CO,15,forecast,PG-ResMLP,2,4700,1181,1.9594473838806152,2.988778904384604,0.947237491607666,84,70,8.0
CO,15,forecast,PG-ResMLP,3,4700,1181,1.9623305797576904,2.97338890240436,0.9477794766426086,88,70,8.3
CO,15,forecast,PG-ResMLP,4,4700,1181,1.9342155456542969,2.962250350541329,0.948170006275177,200,70,18.2
CO,15,forecast,PG-ResMLP,5,4700,1181,1.9879329204559326,3.0111715212959993,0.9464439153671265,104,70,9.7
CO,15,forecast,PG-ResMLP,6,4700,1181,1.945809006690979,2.9558059391128544,0.9483952522277832,119,70,11.1
CO,15,forecast,PG-ResMLP,7,4700,1181,1.932399034500122,2.9533082612511214,0.9484824538230896,151,70,14.0
CO,15,forecast,PG-ResMLP,8,4700,1181,1.9725532531738281,3.0054229359993507,0.9466481804847717,144,70,13.3
CO,15,forecast,PG-ResMLP,9,4700,1181,1.9146491289138794,2.9227298567210505,0.9495437145233154,177,70,16.5
CO,15,forecast,PG-ResMLP,10,4700,1181,1.9486134052276611,2.9587772913819586,0.9482914209365845,95,70,11.3
CO,15,forecast,PG-ResMLP,11,4700,1181,1.934007167816162,2.915852096888272,0.9497809410095215,101,70,12.5
CO,15,forecast,PG-ResMLP,12,4700,1181,1.9759494066238403,3.0065564988697613,0.9466079473495483,48,70,6.3
CO,15,forecast,PG-ResMLP,13,4700,1181,1.9923855066299438,3.020735447492513,0.9461031556129456,53,70,6.7
CO,15,forecast,PG-ResMLP,14,4700,1181,1.9443961381912231,2.9643882431709243,0.9480951428413391,102,70,12.0
CO,15,forecast,PG-ResMLP,15,4700,1181,1.9599311351776123,2.9881835921542574,0.9472585320472717,88,70,10.4
CO,15,forecast,PG-ResMLP,16,4700,1181,1.9630587100982666,2.9839146443756452,0.9474090933799744,200,70,23.4
CO,15,forecast,PG-ResMLP,17,4700,1181,1.9240071773529053,2.948124926504199,0.9486631155014038,200,70,23.0
CO,15,forecast,PG-ResMLP,18,4700,1181,1.9450137615203857,3.000580413620591,0.9468200206756592,124,70,14.6
CO,15,forecast,PG-ResMLP,19,4700,1181,1.9648643732070923,2.9989644488561265,0.9468772411346436,51,70,6.5
CO,15,forecast,LSTM,0,2765,702,3.101766586303711,3.8579015969501462,0.905326247215271,27,41,9.1
CO,15,forecast,LSTM,1,2765,702,2.171592950820923,2.9521083797522105,0.9445639848709106,89,41,24.9
CO,15,forecast,LSTM,2,2765,702,2.4070520401000977,3.1327268060774327,0.9375730156898499,89,41,25.4
CO,15,forecast,LSTM,3,2765,702,2.6936211585998535,3.3986517476916345,0.926524817943573,60,41,13.1
CO,15,forecast,LSTM,4,2765,702,2.474425792694092,3.214296834411762,0.93427973985672,41,41,9.2
CO,15,forecast,LSTM,5,2765,702,3.382065534591675,4.163963560034703,0.8897087574005127,27,41,6.7
CO,15,forecast,LSTM,6,2765,702,2.6147091388702393,3.3316587215276052,0.92939293384552,73,41,15.2
CO,15,forecast,LSTM,7,2765,702,2.3622548580169678,3.093875612733626,0.9391118288040161,103,41,28.0
CO,15,forecast,LSTM,8,2765,702,2.886929750442505,3.642484002009483,0.9156038761138916,29,41,10.8
CO,15,forecast,LSTM,9,2765,702,3.418621301651001,4.217492940610756,0.8868548274040222,29,41,10.0
CO,15,forecast,LSTM,10,2765,702,2.342195510864258,3.1181999990588896,0.9381506443023682,57,41,17.5
CO,15,forecast,LSTM,11,2765,702,2.9498260021209717,3.6728344252292295,0.9141916036605835,31,41,10.5
CO,15,forecast,LSTM,12,2765,702,2.360732316970825,3.111768251983546,0.9384055137634277,49,41,15.2
CO,15,forecast,LSTM,13,2765,702,2.4431087970733643,3.1561191645028224,0.936637282371521,36,41,12.0
CO,15,forecast,LSTM,14,2765,702,2.557462215423584,3.281158736640045,0.9315171837806702,44,41,14.3
CO,15,forecast,LSTM,15,2765,702,3.0071094036102295,3.713973624354037,0.9122585654258728,48,41,15.2
CO,15,forecast,LSTM,16,2765,702,2.0547754764556885,2.858948222344944,0.9480075836181641,93,41,27.3
CO,15,forecast,LSTM,17,2765,702,2.069013833999634,2.849969790114525,0.9483336806297302,85,41,25.2
CO,15,forecast,LSTM,18,2765,702,2.736884832382202,3.4389659183429564,0.9247714281082153,50,41,15.7
CO,15,forecast,LSTM,19,2765,702,2.0820064544677734,2.89929268860135,0.9465298652648926,55,41,17.0
CO,15,forecast,Hybrid,0,2765,702,2.6839592456817627,3.671000924472178,0.914277195930481,43,41,28.5
CO,15,forecast,Hybrid,1,2765,702,2.480435848236084,3.225237188562316,0.9338316321372986,50,41,33.0
CO,15,forecast,Hybrid,2,2765,702,1.9045528173446655,2.689880381480709,0.9539750814437866,59,41,38.9
CO,15,forecast,Hybrid,3,2765,702,2.285367012023926,3.0454437806910994,0.9410032033920288,49,41,32.8
CO,15,forecast,Hybrid,4,2765,702,2.137183666229248,2.868594289638631,0.9476561546325684,65,41,41.8
CO,15,forecast,Hybrid,5,2765,702,2.191896677017212,2.9297386063250763,0.9454009532928467,51,41,33.6
CO,15,forecast,Hybrid,6,2765,702,2.434377670288086,3.3840655325367766,0.9271541833877563,34,41,23.2
CO,15,forecast,Hybrid,7,2765,702,2.439134359359741,3.2704995019396503,0.9319614171981812,35,41,23.9
CO,15,forecast,Hybrid,8,2765,702,2.981909990310669,3.8476734761273654,0.9058275818824768,29,41,20.4
CO,15,forecast,Hybrid,9,2765,702,3.0207936763763428,4.020187457823941,0.8971936702728271,34,41,23.2
CO,15,forecast,Hybrid,10,2765,702,3.234255313873291,4.290477970768684,0.8829049468040466,29,41,20.5
CO,15,forecast,Hybrid,11,2765,702,2.446486711502075,3.2214912667032505,0.9339852333068848,48,41,32.2
CO,15,forecast,Hybrid,12,2765,702,2.466485023498535,3.2931555426892194,0.9310154914855957,44,41,29.7
CO,15,forecast,Hybrid,13,2765,702,3.1393632888793945,3.9795781001078994,0.8992601633071899,30,41,21.3
CO,15,forecast,Hybrid,14,2765,702,2.5130789279937744,3.4373622519897156,0.9248415231704712,36,41,24.7
CO,15,forecast,Hybrid,15,2765,702,2.087736129760742,2.8795534646048124,0.9472554922103882,48,41,31.9
CO,15,forecast,Hybrid,16,2765,702,2.274684190750122,3.106505330143655,0.9386137127876282,53,41,35.4
CO,15,forecast,Hybrid,17,2765,702,2.4703421592712402,3.330649694350129,0.929435670375824,40,41,27.7
CO,15,forecast,Hybrid,18,2765,702,2.153355836868286,2.938373679239115,0.9450786113739014,48,41,32.2
CO,15,forecast,Hybrid,19,2765,702,2.406629800796509,3.215845519753924,0.9342164397239685,42,41,28.3
FL,30,nowcast,Faiman,-1,1818,455,3.2310807704925537,4.353144962349913,0.579137921333313,0,0,0.0
FL,30,nowcast,PG-ResMLP,0,1818,455,1.7141021490097046,2.237400807147922,0.8888214230537415,200,32,21.5
FL,30,nowcast,PG-ResMLP,1,1818,455,1.7854832410812378,2.3035142918932676,0.8821538686752319,88,32,10.2
FL,30,nowcast,PG-ResMLP,2,1818,455,1.61884605884552,2.177156681364472,0.8947280049324036,109,32,12.2
FL,30,nowcast,PG-ResMLP,3,1818,455,1.6875630617141724,2.2361812093526794,0.8889425992965698,200,32,22.0
FL,30,nowcast,PG-ResMLP,4,1818,455,1.7055764198303223,2.2032249914975046,0.8921919465065002,56,32,6.7
FL,30,nowcast,PG-ResMLP,5,1818,455,1.6919703483581543,2.2422873444872766,0.8883352875709534,200,32,22.1
FL,30,nowcast,PG-ResMLP,6,1818,455,1.7805116176605225,2.3421576622098774,0.8781667947769165,200,32,21.4
FL,30,nowcast,PG-ResMLP,7,1818,455,1.7386916875839233,2.2543125150062315,0.8871343731880188,69,32,8.0
FL,30,nowcast,PG-ResMLP,8,1818,455,1.6562124490737915,2.224532851995433,0.8900966048240662,200,32,22.0
FL,30,nowcast,PG-ResMLP,9,1818,455,1.6821208000183105,2.2237526815654505,0.8901736736297607,200,32,21.1
FL,30,nowcast,PG-ResMLP,10,1818,455,1.64303719997406,2.191517111410101,0.893334686756134,69,32,8.1
FL,30,nowcast,PG-ResMLP,11,1818,455,1.6776124238967896,2.193529266816074,0.8931387066841125,200,32,22.1
FL,30,nowcast,PG-ResMLP,12,1818,455,1.6815367937088013,2.224171529254574,0.8901323080062866,136,32,15.1
FL,30,nowcast,PG-ResMLP,13,1818,455,1.6336637735366821,2.1960817122969174,0.8928898572921753,200,32,21.7
FL,30,nowcast,PG-ResMLP,14,1818,455,1.6917146444320679,2.2695432258854638,0.8856040835380554,200,32,21.7
FL,30,nowcast,PG-ResMLP,15,1818,455,1.6872531175613403,2.222226280632552,0.8903243541717529,156,32,17.1
FL,30,nowcast,PG-ResMLP,16,1818,455,1.7179005146026611,2.259629096256491,0.8866013288497925,200,32,21.2
FL,30,nowcast,PG-ResMLP,17,1818,455,1.7526789903640747,2.3020822056095818,0.8823003768920898,200,32,21.9
FL,30,nowcast,PG-ResMLP,18,1818,455,1.734005331993103,2.2778978148157636,0.884760320186615,200,32,21.1
FL,30,nowcast,PG-ResMLP,19,1818,455,1.7076658010482788,2.240143379152633,0.8885486721992493,95,32,10.7
FL,30,nowcast,LSTM,0,497,95,2.6612255573272705,3.559275590079427,0.7108128070831299,147,32,18.1
FL,30,nowcast,LSTM,1,497,95,2.3061587810516357,2.972759069601988,0.7982677817344666,97,32,12.4
FL,30,nowcast,LSTM,2,497,95,2.534273624420166,3.3596550403354315,0.7423410415649414,137,32,17.2
FL,30,nowcast,LSTM,3,497,95,2.9752297401428223,4.210824713673927,0.5952469110488892,130,32,16.1
FL,30,nowcast,LSTM,4,497,95,2.712031364440918,3.74948701528724,0.6790779232978821,136,32,16.6
FL,30,nowcast,LSTM,5,497,95,2.312682867050171,3.191252649876189,0.7675239443778992,144,32,17.2
FL,30,nowcast,LSTM,6,497,95,3.7874672412872314,5.937028083116737,0.19537395238876343,109,32,14.0
FL,30,nowcast,LSTM,7,497,95,2.5117993354797363,3.478878321472361,0.7237296104431152,111,32,13.9
FL,30,nowcast,LSTM,8,497,95,2.2613184452056885,2.8454205982134355,0.8151800632476807,131,32,16.0
FL,30,nowcast,LSTM,9,497,95,2.2512617111206055,2.8433844362819167,0.8154444694519043,178,32,21.7
FL,30,nowcast,LSTM,10,497,95,3.746655225753784,5.12155258718685,0.40123122930526733,151,32,18.8
FL,30,nowcast,LSTM,11,497,95,2.804976224899292,3.818078134623471,0.6672289967536926,169,32,20.6
FL,30,nowcast,LSTM,12,497,95,3.051877021789551,4.448226429548104,0.5483212471008301,140,32,17.3
FL,30,nowcast,LSTM,13,497,95,6.373894214630127,9.880892383876965,-1.228682518005371,90,32,12.0
FL,30,nowcast,LSTM,14,497,95,3.538668394088745,5.40619443302594,0.3328258991241455,111,32,14.0
FL,30,nowcast,LSTM,15,497,95,3.1758182048797607,4.268437502859836,0.5840953588485718,70,32,9.6
FL,30,nowcast,LSTM,16,497,95,2.6269049644470215,3.6855416997843897,0.6899309158325195,111,32,13.7
FL,30,nowcast,LSTM,17,497,95,2.926365613937378,3.9332364932493715,0.6468526124954224,61,32,8.4
FL,30,nowcast,LSTM,18,497,95,2.455721616744995,3.2076097308185263,0.7651346921920776,123,32,15.1
FL,30,nowcast,LSTM,19,497,95,2.638977289199829,3.2812796455134006,0.7542223930358887,116,32,14.9
FL,30,forecast,PG-ResMLP,0,1333,309,2.6436104774475098,3.2454050299760353,0.7497797012329102,35,32,3.8
FL,30,forecast,PG-ResMLP,1,1333,309,2.529675245285034,3.1483593497977616,0.7645203471183777,28,32,3.1
FL,30,forecast,PG-ResMLP,2,1333,309,2.685481309890747,3.2991157618641793,0.7414289712905884,31,32,3.5
FL,30,forecast,PG-ResMLP,3,1333,309,2.6559557914733887,3.246657339809841,0.7495865225791931,31,32,3.7
FL,30,forecast,PG-ResMLP,4,1333,309,2.541557788848877,3.159908629194971,0.7627895474433899,29,32,3.7
FL,30,forecast,PG-ResMLP,5,1333,309,2.6319987773895264,3.218400658473384,0.7539263963699341,33,32,3.8
FL,30,forecast,PG-ResMLP,6,1333,309,2.683610439300537,3.286476985598359,0.7434062957763672,30,32,3.6
FL,30,forecast,PG-ResMLP,7,1333,309,2.429081439971924,3.113923546216986,0.7696433663368225,24,32,3.1
FL,30,forecast,PG-ResMLP,8,1333,309,2.5685060024261475,3.1715204952178557,0.7610429525375366,31,32,3.6
FL,30,forecast,PG-ResMLP,9,1333,309,2.5724856853485107,3.175437993153741,0.7604522705078125,31,32,3.5
FL,30,forecast,PG-ResMLP,10,1333,309,2.59719181060791,3.212597642891544,0.7548129558563232,28,32,3.4
FL,30,forecast,PG-ResMLP,11,1333,309,2.658186435699463,3.2413529022747523,0.7504041194915771,31,32,3.7
FL,30,forecast,PG-ResMLP,12,1333,309,2.6080009937286377,3.206593343037864,0.7557286024093628,29,32,3.3
FL,30,forecast,PG-ResMLP,13,1333,309,2.6884818077087402,3.2970080597408455,0.741759181022644,35,32,4.0
FL,30,forecast,PG-ResMLP,14,1333,309,2.6546413898468018,3.23468340449184,0.7514302134513855,35,32,4.1
FL,30,forecast,PG-ResMLP,15,1333,309,2.574779510498047,3.163415461185255,0.7622627019882202,32,32,3.8
FL,30,forecast,PG-ResMLP,16,1333,309,2.5368897914886475,3.163213017717742,0.7622931599617004,31,32,3.6
FL,30,forecast,PG-ResMLP,17,1333,309,2.7342348098754883,3.3257165351863813,0.7372424602508545,34,32,3.7
FL,30,forecast,PG-ResMLP,18,1333,309,2.6090219020843506,3.181386282948905,0.7595539689064026,32,32,3.9
FL,30,forecast,PG-ResMLP,19,1333,309,2.5619113445281982,3.153313507705959,0.7637786865234375,31,32,3.8
FL,30,forecast,LSTM,0,403,76,6.650388717651367,9.009985153067461,-0.8338005542755127,41,32,6.5
FL,30,forecast,LSTM,1,403,76,3.151304244995117,4.214646894296545,0.5987396240234375,85,32,11.4
FL,30,forecast,LSTM,2,403,76,5.208990573883057,6.653319954154731,4.4345855712890625e-05,45,32,7.2
FL,30,forecast,LSTM,3,403,76,3.7822935581207275,4.980687801555374,0.43962007761001587,121,32,15.0
FL,30,forecast,LSTM,4,403,76,3.079631805419922,4.190923856793094,0.6032440662384033,151,32,18.4
FL,30,forecast,LSTM,5,403,76,3.723334550857544,4.903941200451465,0.4567566514015198,84,32,11.0
FL,30,forecast,LSTM,6,403,76,4.0432209968566895,5.592896295113607,0.2933937907218933,100,32,13.2
FL,30,forecast,LSTM,7,403,76,6.266435146331787,9.016657355321941,-0.8365175724029541,45,32,7.0
FL,30,forecast,LSTM,8,403,76,2.6496009826660156,3.5702837853143023,0.7120550870895386,115,32,14.9
FL,30,forecast,LSTM,9,403,76,3.766352653503418,4.914896738048391,0.45432668924331665,126,32,11.8
FL,30,forecast,LSTM,10,403,76,3.973949670791626,5.494461391942692,0.3180474042892456,92,32,9.1
FL,30,forecast,LSTM,11,403,76,3.297881841659546,4.276846967441102,0.5868085026741028,119,32,11.0
FL,30,forecast,LSTM,12,403,76,4.203520774841309,5.398510459042531,0.3416576385498047,161,32,14.4
FL,30,forecast,LSTM,13,403,76,3.6757659912109375,5.1754038777521085,0.39494842290878296,110,32,10.3
FL,30,forecast,LSTM,14,403,76,3.1607253551483154,4.225153379647059,0.5967365503311157,137,32,12.5
FL,30,forecast,LSTM,15,403,76,3.4791951179504395,4.526180825620088,0.5372272729873657,126,32,11.7
FL,30,forecast,LSTM,16,403,76,3.6908204555511475,5.232225027792199,0.3815896511077881,84,32,8.3
FL,30,forecast,LSTM,17,403,76,4.479840278625488,5.763056981771609,0.2497435212135315,123,32,11.1
FL,30,forecast,LSTM,18,403,76,3.7107279300689697,4.845690332447342,0.469585657119751,94,32,11.5
FL,30,forecast,LSTM,19,403,76,5.5020551681518555,7.147937461165316,-0.15415847301483154,42,32,6.9
FL,30,forecast,Hybrid,0,403,76,2.6794350147247314,3.076354936269333,0.7862151861190796,111,32,21.4
FL,30,forecast,Hybrid,1,403,76,3.123877763748169,4.1710743796668135,0.6069934368133545,200,32,33.7
FL,30,forecast,Hybrid,2,403,76,4.8046698570251465,6.772217531787617,-0.03601431846618652,138,32,24.0
FL,30,forecast,Hybrid,3,403,76,3.757540225982666,4.8308119719641,0.4728378653526306,138,32,23.6
FL,30,forecast,Hybrid,4,403,76,2.4837965965270996,3.112256885516964,0.7811962366104126,117,32,20.9
FL,30,forecast,Hybrid,5,403,76,3.151615858078003,4.174771906852297,0.6062963604927063,146,32,24.4
FL,30,forecast,Hybrid,6,403,76,2.745850086212158,3.480412852034291,0.7263689041137695,103,32,18.3
FL,30,forecast,Hybrid,7,403,76,4.073625087738037,5.30129559354058,0.3651546239852905,51,32,10.6
FL,30,forecast,Hybrid,8,403,76,2.925405502319336,4.063261694293573,0.6270475387573242,48,32,10.3
FL,30,forecast,Hybrid,9,403,76,4.067936897277832,5.453174492466575,0.32825767993927,99,32,17.8
FL,30,forecast,Hybrid,10,403,76,2.8969991207122803,3.642604829828383,0.700271487236023,117,32,20.4
FL,30,forecast,Hybrid,11,403,76,2.6770026683807373,3.5728909386838277,0.7116343975067139,147,32,24.6
FL,30,forecast,Hybrid,12,403,76,2.568852424621582,3.0381231351688567,0.7914958596229553,114,32,20.0
FL,30,forecast,Hybrid,13,403,76,3.0846688747406006,3.843345682852745,0.6663256883621216,122,32,21.3
FL,30,forecast,Hybrid,14,403,76,2.4120895862579346,3.331900018252111,0.7492228746414185,117,32,20.9
FL,30,forecast,Hybrid,15,403,76,3.1734912395477295,4.226140309681431,0.5965480804443359,74,32,13.8
FL,30,forecast,Hybrid,16,403,76,2.494516372680664,3.0107274582533803,0.7952392101287842,144,32,24.5
FL,30,forecast,Hybrid,17,403,76,3.924407482147217,4.74221102914519,0.49199771881103516,48,32,10.0
FL,30,forecast,Hybrid,18,403,76,3.8228495121002197,5.280654422200811,0.3700886368751526,123,32,21.6
FL,30,forecast,Hybrid,19,403,76,3.642383337020874,5.172020855371096,0.3957391381263733,134,32,23.6
FL,15,nowcast,Faiman,-1,4361,1091,3.2546510696411133,4.410840396170358,0.5902031660079956,0,0,0.0
FL,15,nowcast,PG-ResMLP,0,4361,1091,1.7152539491653442,2.2996914781053164,0.8886051774024963,69,65,8.4
FL,15,nowcast,PG-ResMLP,1,4361,1091,1.7379904985427856,2.354888186543953,0.8831936717033386,99,65,12.8
FL,15,nowcast,PG-ResMLP,2,4361,1091,1.7273080348968506,2.3017038461203825,0.8884101510047913,45,65,5.9
FL,15,nowcast,PG-ResMLP,3,4361,1091,1.645135760307312,2.270091737750423,0.89145427942276,200,65,24.0
FL,15,nowcast,PG-ResMLP,4,4361,1091,1.7471458911895752,2.376695529642996,0.8810203075408936,119,65,14.2
FL,15,nowcast,PG-ResMLP,5,4361,1091,1.62814199924469,2.210402461038352,0.8970873951911926,41,65,5.2
FL,15,nowcast,PG-ResMLP,6,4361,1091,1.5687789916992188,2.209623235977279,0.8971599340438843,159,65,19.5
FL,15,nowcast,PG-ResMLP,7,4361,1091,1.7447751760482788,2.355557112673279,0.8831272721290588,70,65,8.3
FL,15,nowcast,PG-ResMLP,8,4361,1091,1.7154632806777954,2.3464025110704085,0.8840339183807373,137,65,16.0
FL,15,nowcast,PG-ResMLP,9,4361,1091,1.7424925565719604,2.352097459947204,0.883470356464386,129,65,15.0
FL,15,nowcast,PG-ResMLP,10,4361,1091,1.7403374910354614,2.3840127892311167,0.8802865147590637,145,65,17.1
FL,15,nowcast,PG-ResMLP,11,4361,1091,1.6391217708587646,2.2879574552795314,0.8897390365600586,200,65,23.6
FL,15,nowcast,PG-ResMLP,12,4361,1091,1.7445906400680542,2.3438336166724896,0.8842877149581909,79,65,10.2
FL,15,nowcast,PG-ResMLP,13,4361,1091,1.6568408012390137,2.237360420348767,0.8945618271827698,123,65,13.6
FL,15,nowcast,PG-ResMLP,14,4361,1091,1.69420325756073,2.304843599884378,0.8881055116653442,200,65,18.6
FL,15,nowcast,PG-ResMLP,15,4361,1091,1.7524816989898682,2.2933587387622074,0.8892178535461426,38,65,3.9
FL,15,nowcast,PG-ResMLP,16,4361,1091,1.6681023836135864,2.274716780922549,0.8910115361213684,64,65,6.3
FL,15,nowcast,PG-ResMLP,17,4361,1091,1.6398200988769531,2.292217176956457,0.8893280625343323,200,65,18.5
FL,15,nowcast,PG-ResMLP,18,4361,1091,1.6646977663040161,2.284632957077717,0.890059232711792,159,65,14.7
FL,15,nowcast,PG-ResMLP,19,4361,1091,1.6695083379745483,2.2966003253732232,0.8889044523239136,200,65,18.5
FL,15,nowcast,LSTM,0,2027,442,2.5729987621307373,3.905554747698215,0.665359377861023,27,32,6.7
FL,15,nowcast,LSTM,1,2027,442,2.1004419326782227,3.058546355795,0.7947688698768616,59,32,12.8
FL,15,nowcast,LSTM,2,2027,442,2.066999673843384,2.941338810647872,0.8101968765258789,73,32,15.3
FL,15,nowcast,LSTM,3,2027,442,2.922682762145996,5.3705223417642225,0.36722952127456665,77,32,16.2
FL,15,nowcast,LSTM,4,2027,442,2.471278190612793,4.003845035736327,0.6483038067817688,95,32,19.3
FL,15,nowcast,LSTM,5,2027,442,2.9437172412872314,4.336002603677904,0.5875301361083984,56,32,12.2
FL,15,nowcast,LSTM,6,2027,442,2.4835994243621826,4.144617078002092,0.6231383085250854,102,32,20.9
FL,15,nowcast,LSTM,7,2027,442,1.996628761291504,2.930981322380952,0.8115313053131104,88,32,18.3
FL,15,nowcast,LSTM,8,2027,442,2.181957960128784,3.3106351677477575,0.7595438957214355,56,32,12.2
FL,15,nowcast,LSTM,9,2027,442,2.4791414737701416,4.223643989327697,0.6086298227310181,68,32,14.6
FL,15,nowcast,LSTM,10,2027,442,3.0752646923065186,5.238998147834907,0.3978431224822998,45,32,10.3
FL,15,nowcast,LSTM,11,2027,442,2.3790700435638428,3.87892591888266,0.6699071526527405,89,32,18.5
FL,15,nowcast,LSTM,12,2027,442,2.2602643966674805,3.862993281695088,0.672613263130188,101,32,20.7
FL,15,nowcast,LSTM,13,2027,442,3.038684368133545,5.41624188836109,0.35641002655029297,115,32,23.7
FL,15,nowcast,LSTM,14,2027,442,2.906338930130005,5.120907521880888,0.42468321323394775,122,32,24.8
FL,15,nowcast,LSTM,15,2027,442,2.6774566173553467,4.614428630270741,0.5328578948974609,63,32,13.6
FL,15,nowcast,LSTM,16,2027,442,1.8949633836746216,2.748906351580705,0.8342196941375732,72,32,15.3
FL,15,nowcast,LSTM,17,2027,442,2.053633689880371,3.3162296818794856,0.7587305307388306,84,32,17.7
FL,15,nowcast,LSTM,18,2027,442,1.944517970085144,2.7524899567603605,0.8337871432304382,64,32,13.7
FL,15,nowcast,LSTM,19,2027,442,2.043952226638794,3.2945910312004147,0.7618688941001892,69,32,14.9
FL,15,forecast,PG-ResMLP,0,3640,880,2.0663814544677734,2.630078806693622,0.8482308387756348,37,54,3.8
FL,15,forecast,PG-ResMLP,1,3640,880,2.087080717086792,2.6539258774825245,0.8454661965370178,26,54,3.1
FL,15,forecast,PG-ResMLP,2,3640,880,2.1234161853790283,2.6923906051528506,0.8409542441368103,31,54,3.3
FL,15,forecast,PG-ResMLP,3,3640,880,2.1891520023345947,2.8025047713280795,0.8276787996292114,85,54,8.2
FL,15,forecast,PG-ResMLP,4,3640,880,2.143944263458252,2.729348057744285,0.8365579843521118,44,54,4.5
FL,15,forecast,PG-ResMLP,5,3640,880,2.083986759185791,2.637371067312675,0.8473880887031555,27,54,2.9
FL,15,forecast,PG-ResMLP,6,3640,880,2.1625258922576904,2.7637084527173075,0.832416832447052,103,54,9.7
FL,15,forecast,PG-ResMLP,7,3640,880,2.080512046813965,2.71093389417425,0.8387559056282043,22,54,2.5
FL,15,forecast,PG-ResMLP,8,3640,880,2.1528115272521973,2.796092685849546,0.8284664750099182,200,54,18.7
FL,15,forecast,PG-ResMLP,9,3640,880,2.103999376296997,2.6788321595224294,0.8425520658493042,26,54,3.0
FL,15,forecast,PG-ResMLP,10,3640,880,2.1853678226470947,2.7723393374949032,0.8313685059547424,65,54,6.6
FL,15,forecast,PG-ResMLP,11,3640,880,2.084489107131958,2.6360295504069935,0.8475432991981506,31,54,3.3
FL,15,forecast,PG-ResMLP,12,3640,880,2.166123628616333,2.745088091967162,0.8346673846244812,25,54,2.8
FL,15,forecast,PG-ResMLP,13,3640,880,2.1380438804626465,2.742489616075329,0.8349802494049072,71,54,7.0
FL,15,forecast,PG-ResMLP,14,3640,880,2.145026922225952,2.7828045047600174,0.8300929665565491,84,54,8.1
FL,15,forecast,PG-ResMLP,15,3640,880,2.10603928565979,2.6687561035086453,0.8437342643737793,27,54,2.9
FL,15,forecast,PG-ResMLP,16,3640,880,2.0667977333068848,2.643965825499163,0.846623957157135,26,54,2.9
FL,15,forecast,PG-ResMLP,17,3640,880,2.174438238143921,2.7725547567727094,0.8313422799110413,59,54,6.0
FL,15,forecast,PG-ResMLP,18,3640,880,2.0903618335723877,2.655393395023876,0.845295250415802,29,54,3.1
FL,15,forecast,PG-ResMLP,19,3640,880,2.090813636779785,2.6525110295935583,0.8456308841705322,26,54,2.8
FL,15,forecast,LSTM,0,1789,379,2.178011894226074,2.9407001676286404,0.8138472437858582,42,32,9.1
FL,15,forecast,LSTM,1,1789,379,2.4960196018218994,3.9074861325379726,0.6713278293609619,76,32,15.0
FL,15,forecast,LSTM,2,1789,379,2.0851364135742188,2.952889246335366,0.8123008012771606,67,32,13.6
FL,15,forecast,LSTM,3,1789,379,2.6550772190093994,4.412288342983815,0.5809211134910583,85,32,16.7
FL,15,forecast,LSTM,4,1789,379,2.826420545578003,4.660733924995557,0.5323977470397949,81,32,15.7
FL,15,forecast,LSTM,5,1789,379,1.9856311082839966,2.656791990747185,0.8480561375617981,74,32,14.6
FL,15,forecast,LSTM,6,1789,379,2.0429303646087646,2.7183008809572278,0.8409392237663269,90,32,17.3
FL,15,forecast,LSTM,7,1789,379,2.138000249862671,2.9406664400494833,0.8138514757156372,84,32,16.2
FL,15,forecast,LSTM,8,1789,379,2.6192073822021484,4.037034962802967,0.6491729617118835,61,32,12.2
FL,15,forecast,LSTM,9,1789,379,2.0121309757232666,2.7594247919344586,0.836090087890625,38,32,8.3
FL,15,forecast,LSTM,10,1789,379,2.4640426635742188,3.629620337059887,0.7164103388786316,66,32,13.4
FL,15,forecast,LSTM,11,1789,379,2.810175895690918,4.610318775864408,0.5424590706825256,83,32,16.3
FL,15,forecast,LSTM,12,1789,379,3.119276285171509,5.495699501673587,0.3498494029045105,79,32,15.5
FL,15,forecast,LSTM,13,1789,379,4.696902751922607,8.383667972425613,-0.5129903554916382,88,32,17.1
FL,15,forecast,LSTM,14,1789,379,3.020357370376587,4.74183193426058,0.5159833431243896,27,32,6.5
FL,15,forecast,LSTM,15,1789,379,2.211696147918701,3.1178560615578874,0.7907429337501526,60,32,12.2
FL,15,forecast,LSTM,16,1789,379,2.2723491191864014,3.4443288770040335,0.7446256875991821,58,32,12.0
FL,15,forecast,LSTM,17,1789,379,3.8628058433532715,6.860333143324918,-0.013114213943481445,109,32,20.6
FL,15,forecast,LSTM,18,1789,379,2.0363261699676514,2.800999844372332,0.8311138153076172,70,32,14.1
FL,15,forecast,LSTM,19,1789,379,2.4446523189544678,3.8854184529945557,0.6750297546386719,61,32,12.5
FL,15,forecast,Hybrid,0,1789,379,1.8395377397537231,2.4879655143641526,0.8667532205581665,131,32,50.3
FL,15,forecast,Hybrid,1,1789,379,2.111753225326538,2.849888307490899,0.8251668810844421,52,32,21.1
FL,15,forecast,Hybrid,2,1789,379,1.8137528896331787,2.5676737403215895,0.85807865858078,46,32,19.3
FL,15,forecast,Hybrid,3,1789,379,2.1542935371398926,3.0270200494783395,0.8027583360671997,75,32,29.5
FL,15,forecast,Hybrid,4,1789,379,1.9773184061050415,2.818677941054668,0.828975260257721,94,32,36.3
FL,15,forecast,Hybrid,5,1789,379,2.048140048980713,2.8491550263751617,0.8252568244934082,74,32,29.1
FL,15,forecast,Hybrid,6,1789,379,2.0338099002838135,2.8636732470626574,0.8234714269638062,70,32,27.9
FL,15,forecast,Hybrid,7,1789,379,1.9677624702453613,2.731916183129843,0.8393418788909912,86,32,33.7
FL,15,forecast,Hybrid,8,1789,379,2.2506439685821533,3.0432240057113753,0.8006410002708435,85,32,33.4
FL,15,forecast,Hybrid,9,1789,379,2.2391915321350098,3.3395580504172906,0.7599254846572876,86,32,34.0
FL,15,forecast,Hybrid,10,1789,379,2.7069616317749023,3.767234110217538,0.6944985389709473,73,32,30.1
FL,15,forecast,Hybrid,11,1789,379,2.0070269107818604,2.904420830775673,0.8184120059013367,72,32,29.1
FL,15,forecast,Hybrid,12,1789,379,2.8007445335388184,3.833376027297948,0.6836769580841064,49,32,20.4
FL,15,forecast,Hybrid,13,1789,379,2.4109270572662354,3.2004274500028793,0.7795124650001526,59,32,24.1
FL,15,forecast,Hybrid,14,1789,379,2.2412753105163574,3.170403952146729,0.7836298942565918,82,32,32.6
FL,15,forecast,Hybrid,15,1789,379,2.474762439727783,3.0952810487107327,0.79376220703125,48,32,20.1
FL,15,forecast,Hybrid,16,1789,379,2.2701823711395264,3.386528669784801,0.7531247735023499,48,32,20.0
FL,15,forecast,Hybrid,17,1789,379,2.238394021987915,3.178460861658781,0.782528817653656,78,32,31.1
FL,15,forecast,Hybrid,18,1789,379,2.121307849884033,3.011099943521146,0.8048276305198669,73,32,29.9
FL,15,forecast,Hybrid,19,1789,379,2.15966796875,2.9487736043919166,0.8128236532211304,57,32,23.5
OR,60,nowcast,Faiman,-1,920,231,1.356443166732788,1.7782504608998908,0.9702048301696777,0,0,0.0
OR,60,nowcast,PG-ResMLP,0,920,231,0.996983528137207,1.243522119013232,0.9854297637939453,26,32,2.2
OR,60,nowcast,PG-ResMLP,1,920,231,1.0089430809020996,1.3121319663535258,0.9837775826454163,35,32,2.8
OR,60,nowcast,PG-ResMLP,2,920,231,0.9658396244049072,1.2232586044143,0.9859007596969604,27,32,2.3
OR,60,nowcast,PG-ResMLP,3,920,231,0.9862254858016968,1.240931950030552,0.9854903817176819,26,32,2.2
OR,60,nowcast,PG-ResMLP,4,920,231,0.9961693286895752,1.2446740173329836,0.9854027628898621,29,32,2.4
OR,60,nowcast,PG-ResMLP,5,920,231,1.0490587949752808,1.3298574928431457,0.983336329460144,28,32,2.3
OR,60,nowcast,PG-ResMLP,6,920,231,1.03083336353302,1.370783191950427,0.9822949171066284,23,32,2.0
OR,60,nowcast,PG-ResMLP,7,920,231,1.0162831544876099,1.3280212361809425,0.9833823442459106,200,32,13.6
OR,60,nowcast,PG-ResMLP,8,920,231,1.0600848197937012,1.3745661397835556,0.982197105884552,23,32,2.1
OR,60,nowcast,PG-ResMLP,9,920,231,1.0408000946044922,1.3824990989585548,0.9819909930229187,24,32,2.1
OR,60,nowcast,PG-ResMLP,10,920,231,1.0208698511123657,1.253894603829653,0.9851856827735901,26,32,2.2
OR,60,nowcast,PG-ResMLP,11,920,231,1.0317391157150269,1.2992147458233263,0.9840954542160034,27,32,2.3
OR,60,nowcast,PG-ResMLP,12,920,231,1.0505319833755493,1.3774534358135206,0.9821222424507141,24,32,2.1
OR,60,nowcast,PG-ResMLP,13,920,231,1.0092662572860718,1.2714010700646783,0.9847691059112549,26,32,2.2
OR,60,nowcast,PG-ResMLP,14,920,231,0.9756632447242737,1.250041198051557,0.9852765798568726,34,32,2.7
OR,60,nowcast,PG-ResMLP,15,920,231,0.990178644657135,1.2996437666722136,0.9840849041938782,23,32,2.0
OR,60,nowcast,PG-ResMLP,16,920,231,1.00021493434906,1.271219111604629,0.9847734570503235,36,32,2.9
OR,60,nowcast,PG-ResMLP,17,920,231,0.9204779863357544,1.1854639165721186,0.9867585301399231,26,32,2.2
OR,60,nowcast,PG-ResMLP,18,920,231,1.0305299758911133,1.3037745313814402,0.98398357629776,28,32,2.4
OR,60,nowcast,PG-ResMLP,19,920,231,0.9857930541038513,1.2813592724607548,0.9845296144485474,23,32,2.0
OR,60,forecast,PG-ResMLP,0,634,142,2.9333527088165283,3.9169464146696042,0.8670589923858643,33,32,2.5
OR,60,forecast,PG-ResMLP,1,634,142,2.8670623302459717,3.8105495028582044,0.8741831183433533,36,32,2.7
OR,60,forecast,PG-ResMLP,2,634,142,2.995891809463501,3.9722468072327533,0.8632787466049194,30,32,2.4
OR,60,forecast,PG-ResMLP,3,634,142,2.784842014312744,3.7148926548190615,0.8804206252098083,33,32,2.5
OR,60,forecast,PG-ResMLP,4,634,142,2.8623390197753906,3.802474049737326,0.8747158050537109,36,32,2.7
OR,60,forecast,PG-ResMLP,5,634,142,3.139061450958252,4.149880483354075,0.8507773280143738,33,32,2.5
OR,60,forecast,PG-ResMLP,6,634,142,2.8572282791137695,3.777494472901033,0.8763564825057983,33,32,2.5
OR,60,forecast,PG-ResMLP,7,634,142,2.7876226902008057,3.6973511312666014,0.8815472722053528,35,32,2.6
OR,60,forecast,PG-ResMLP,8,634,142,2.8735711574554443,3.8252512830584133,0.8732104301452637,33,32,2.5
OR,60,forecast,PG-ResMLP,9,634,142,2.88313627243042,3.760001514515673,0.877498984336853,37,32,2.8
OR,60,forecast,PG-ResMLP,10,634,142,2.8485145568847656,3.779872674967352,0.8762007355690002,36,32,2.7
OR,60,forecast,PG-ResMLP,11,634,142,2.835306406021118,3.7351466702384473,0.8791131973266602,37,32,2.7
OR,60,forecast,PG-ResMLP,12,634,142,3.0252091884613037,4.009234973487066,0.8607206344604492,37,32,2.7
OR,60,forecast,PG-ResMLP,13,634,142,2.9526922702789307,3.9197377008147467,0.8668694496154785,35,32,2.6
OR,60,forecast,PG-ResMLP,14,634,142,2.935356378555298,3.913433945795931,0.8672972917556763,34,32,2.5
OR,60,forecast,PG-ResMLP,15,634,142,2.8367791175842285,3.780758912534878,0.876142680644989,33,32,2.5
OR,60,forecast,PG-ResMLP,16,634,142,2.8359453678131104,3.752868445375929,0.8779633045196533,33,32,2.5
OR,60,forecast,PG-ResMLP,17,634,142,2.88227915763855,3.8015379353398706,0.8747774958610535,31,32,2.4
OR,60,forecast,PG-ResMLP,18,634,142,2.9045705795288086,3.8273565027009293,0.8730708360671997,38,32,2.8
OR,60,forecast,PG-ResMLP,19,634,142,2.728195905685425,3.6201062548307403,0.8864449858665466,35,32,2.6
OR,30,nowcast,Faiman,-1,2830,708,1.3983122110366821,1.8481885211904736,0.9665099382400513,0,0,0.0
OR,30,nowcast,PG-ResMLP,0,2830,708,1.180802345275879,1.5452810995925021,0.9765880107879639,22,42,2.5
OR,30,nowcast,PG-ResMLP,1,2830,708,1.1759780645370483,1.532530968930348,0.976972758769989,25,42,2.9
OR,30,nowcast,PG-ResMLP,2,2830,708,1.167015790939331,1.4937899308872848,0.9781222939491272,23,42,2.6
OR,30,nowcast,PG-ResMLP,3,2830,708,1.1400319337844849,1.5007916586662413,0.9779167175292969,21,42,2.4
OR,30,nowcast,PG-ResMLP,4,2830,708,1.3617539405822754,1.718880735106891,0.9710322618484497,21,42,2.4
OR,30,nowcast,PG-ResMLP,5,2830,708,1.2319458723068237,1.6311561908275742,0.9739136099815369,21,42,2.4
OR,30,nowcast,PG-ResMLP,6,2830,708,1.2125942707061768,1.6097103621307691,0.9745950102806091,21,42,2.4
OR,30,nowcast,PG-ResMLP,7,2830,708,1.167526364326477,1.5248455876205353,0.9772031307220459,23,42,2.6
OR,30,nowcast,PG-ResMLP,8,2830,708,1.2204811573028564,1.6059605942591213,0.9747132658958435,21,42,2.4
OR,30,nowcast,PG-ResMLP,9,2830,708,1.131662368774414,1.5165052708836992,0.9774518609046936,22,42,2.5
OR,30,nowcast,PG-ResMLP,10,2830,708,1.1814489364624023,1.5599380852565863,0.9761418104171753,21,42,2.4
OR,30,nowcast,PG-ResMLP,11,2830,708,1.2161030769348145,1.5507372794655825,0.9764224290847778,23,42,2.6
OR,30,nowcast,PG-ResMLP,12,2830,708,1.2413263320922852,1.6609612162665113,0.9729515910148621,21,42,2.4
OR,30,nowcast,PG-ResMLP,13,2830,708,1.227514386177063,1.6240347416266987,0.9741408824920654,21,42,2.4
OR,30,nowcast,PG-ResMLP,14,2830,708,1.2390106916427612,1.6195420525683275,0.974283754825592,21,42,2.4
OR,30,nowcast,PG-ResMLP,15,2830,708,1.1704378128051758,1.5455392021309218,0.9765802025794983,21,42,2.4
OR,30,nowcast,PG-ResMLP,16,2830,708,1.1529057025909424,1.511174303530213,0.9776101112365723,25,42,2.8
OR,30,nowcast,PG-ResMLP,17,2830,708,1.1924175024032593,1.603524248701689,0.9747899174690247,21,42,2.4
OR,30,nowcast,PG-ResMLP,18,2830,708,1.2281359434127808,1.6534507416112196,0.9731956124305725,21,42,2.4
OR,30,nowcast,PG-ResMLP,19,2830,708,1.1756974458694458,1.5597581075539246,0.9761472940444946,21,42,2.4
OR,30,nowcast,LSTM,0,1065,209,1.7659167051315308,2.4471775535329727,0.9486457705497742,50,32,8.4
OR,30,nowcast,LSTM,1,1065,209,1.692449927330017,2.4274149874131874,0.9494718909263611,89,32,13.6
OR,30,nowcast,LSTM,2,1065,209,1.918232798576355,2.6923227728955808,0.9378416538238525,73,32,11.5
OR,30,nowcast,LSTM,3,1065,209,1.7752692699432373,2.537354443514245,0.944791316986084,117,32,17.5
OR,30,nowcast,LSTM,4,1065,209,1.9262639284133911,2.745889973574826,0.9353436231613159,65,32,10.4
OR,30,nowcast,LSTM,5,1065,209,1.9430816173553467,2.751347038502347,0.9350863695144653,91,32,13.9
OR,30,nowcast,LSTM,6,1065,209,1.5435400009155273,2.126702243941828,0.9612154960632324,104,32,15.4
OR,30,nowcast,LSTM,7,1065,209,1.8740431070327759,2.7213432835022116,0.9364944696426392,103,32,15.4
OR,30,nowcast,LSTM,8,1065,209,1.8852440118789673,2.7333695661267754,0.935931921005249,90,32,13.9
OR,30,nowcast,LSTM,9,1065,209,1.623086929321289,2.320635635018733,0.9538194537162781,78,32,12.1
OR,30,nowcast,LSTM,10,1065,209,1.782329797744751,2.507676926035061,0.9460752606391907,88,32,13.4
OR,30,nowcast,LSTM,11,1065,209,1.6764272451400757,2.372470211087241,0.951733410358429,88,32,13.4
OR,30,nowcast,LSTM,12,1065,209,1.710178256034851,2.444294287905499,0.9487667083740234,91,32,13.8
OR,30,nowcast,LSTM,13,1065,209,2.2523763179779053,3.073884473219465,0.918974757194519,81,32,12.5
OR,30,nowcast,LSTM,14,1065,209,1.883128046989441,2.6500765699444617,0.9397770762443542,80,32,12.4
OR,30,nowcast,LSTM,15,1065,209,1.7032573223114014,2.2980254529401627,0.9547149538993835,89,32,13.5
OR,30,nowcast,LSTM,16,1065,209,1.7653093338012695,2.5189142935582853,0.9455908536911011,75,32,11.8
OR,30,nowcast,LSTM,17,1065,209,1.702360987663269,2.4263722656511297,0.9495152831077576,74,32,11.5
OR,30,nowcast,LSTM,18,1065,209,1.7922683954238892,2.4933009037247977,0.9466917514801025,65,32,10.3
OR,30,nowcast,LSTM,19,1065,209,1.8119632005691528,2.522295619673412,0.9454447031021118,79,32,12.1
OR,30,forecast,PG-ResMLP,0,2266,552,1.9980952739715576,2.6746511927138363,0.9314573407173157,23,34,2.5
OR,30,forecast,PG-ResMLP,1,2266,552,1.9631354808807373,2.608869857776438,0.934787392616272,25,34,2.6
OR,30,forecast,PG-ResMLP,2,2266,552,1.9789395332336426,2.6531397842696243,0.9325554370880127,23,34,2.6
OR,30,forecast,PG-ResMLP,3,2266,552,1.949576735496521,2.5894349755171766,0.9357553720474243,23,34,2.5
OR,30,forecast,PG-ResMLP,4,2266,552,1.9305495023727417,2.592994120198743,0.9355786442756653,24,34,2.6
OR,30,forecast,PG-ResMLP,5,2266,552,2.0536184310913086,2.7676151679661936,0.9266098141670227,23,34,2.5
OR,30,forecast,PG-ResMLP,6,2266,552,1.9365453720092773,2.57716555226531,0.9363627433776855,24,34,2.6
OR,30,forecast,PG-ResMLP,7,2266,552,1.8532274961471558,2.5000654212021187,0.9401134252548218,23,34,2.5
OR,30,forecast,PG-ResMLP,8,2266,552,1.9505977630615234,2.6132994966197813,0.9345657825469971,23,34,2.6
OR,30,forecast,PG-ResMLP,9,2266,552,1.9732807874679565,2.599830853021971,0.9352384805679321,24,34,2.6
OR,30,forecast,PG-ResMLP,10,2266,552,1.9776078462600708,2.624945776243112,0.9339812397956848,24,34,2.7
OR,30,forecast,PG-ResMLP,11,2266,552,1.9523054361343384,2.6249982743030507,0.9339786171913147,23,34,2.5
OR,30,forecast,PG-ResMLP,12,2266,552,1.9561710357666016,2.6233498972749927,0.9340615272521973,24,34,2.6
OR,30,forecast,PG-ResMLP,13,2266,552,1.9677048921585083,2.6431783937485567,0.9330609440803528,23,34,2.5
OR,30,forecast,PG-ResMLP,14,2266,552,1.9798835515975952,2.644031922659867,0.9330177307128906,23,34,2.5
OR,30,forecast,PG-ResMLP,15,2266,552,1.9514752626419067,2.597441929745429,0.9353574514389038,23,34,2.5
OR,30,forecast,PG-ResMLP,16,2266,552,1.9556831121444702,2.5909067219323334,0.9356823563575745,24,34,3.4
OR,30,forecast,PG-ResMLP,17,2266,552,1.9835988283157349,2.6599708974293117,0.9322077035903931,22,34,2.8
OR,30,forecast,PG-ResMLP,18,2266,552,1.9921751022338867,2.682721080788748,0.9310430884361267,24,34,2.7
OR,30,forecast,PG-ResMLP,19,2266,552,1.9740419387817383,2.6022909708205124,0.9351158738136292,23,34,2.8
OR,30,forecast,LSTM,0,894,160,2.148240566253662,2.807752883949052,0.9333471059799194,86,32,15.2
OR,30,forecast,LSTM,1,894,160,2.0738308429718018,2.7030720788262523,0.9382244944572449,98,32,17.3
OR,30,forecast,LSTM,2,894,160,2.263631820678711,2.97652821758883,0.9250932335853577,64,32,11.8
OR,30,forecast,LSTM,3,894,160,2.386927366256714,3.2663376318077373,0.9097965359687805,100,32,16.9
OR,30,forecast,LSTM,4,894,160,2.2579188346862793,3.158948896370882,0.9156303405761719,80,32,14.0
OR,30,forecast,LSTM,5,894,160,2.2078864574432373,3.0336498710162636,0.9221906065940857,74,32,13.4
OR,30,forecast,LSTM,6,894,160,2.024188280105591,2.490507510296645,0.9475582838058472,59,32,10.8
OR,30,forecast,LSTM,7,894,160,2.126983404159546,2.7730817539779826,0.9349830746650696,76,32,13.4
OR,30,forecast,LSTM,8,894,160,2.3293957710266113,3.326284410025606,0.9064551591873169,103,32,17.7
OR,30,forecast,LSTM,9,894,160,2.129295825958252,2.903898703108888,0.9287042021751404,92,32,4062.8
OR,30,forecast,LSTM,10,894,160,2.1382927894592285,2.7636286540072197,0.9354255795478821,79,32,14.1
OR,30,forecast,LSTM,11,894,160,1.890886902809143,2.6325560311841834,0.9414055943489075,124,32,21.3
OR,30,forecast,LSTM,12,894,160,2.1662514209747314,2.848440807882576,0.9314013719558716,89,32,15.9
OR,30,forecast,LSTM,13,894,160,2.2621262073516846,3.04219909258232,0.9217514395713806,68,32,11.0
OR,30,forecast,LSTM,14,894,160,2.1267123222351074,2.9686019057428825,0.9254916310310364,120,32,16.8
OR,30,forecast,LSTM,15,894,160,2.189347505569458,2.8228474475965477,0.9326285719871521,71,32,10.4
OR,30,forecast,LSTM,16,894,160,2.1768267154693604,3.0510583573433254,0.9212950468063354,72,32,10.8
OR,30,forecast,LSTM,17,894,160,2.1740543842315674,2.9029088657435493,0.9287527799606323,89,32,17.4
OR,30,forecast,LSTM,18,894,160,2.0586018562316895,2.805286396657737,0.9334641695022583,91,32,16.9
OR,30,forecast,LSTM,19,894,160,2.2032289505004883,2.961204657668424,0.9258624911308289,82,32,11.9
OR,30,forecast,Hybrid,0,894,160,3.843817949295044,5.61006181597864,0.7339051961898804,67,32,20.5
OR,30,forecast,Hybrid,1,894,160,3.1708686351776123,4.335155959618278,0.8411049246788025,154,32,37.3
OR,30,forecast,Hybrid,2,894,160,4.160628795623779,5.683192707607814,0.7269225716590881,103,32,26.0
OR,30,forecast,Hybrid,3,894,160,3.5615203380584717,4.877261493116933,0.7988809943199158,89,32,22.8
OR,30,forecast,Hybrid,4,894,160,4.306944847106934,5.669480167625049,0.7282387614250183,103,32,25.8
OR,30,forecast,Hybrid,5,894,160,4.4944586753845215,6.387866033230197,0.6550050973892212,117,32,28.8
OR,30,forecast,Hybrid,6,894,160,2.7230870723724365,3.8820952399636512,0.8725812435150146,76,32,19.6
OR,30,forecast,Hybrid,7,894,160,3.4007906913757324,4.76831539068454,0.8077656626701355,53,32,15.6
OR,30,forecast,Hybrid,8,894,160,3.2411251068115234,4.970714444670313,0.7910999059677124,59,32,18.0
OR,30,forecast,Hybrid,9,894,160,2.5780727863311768,3.7058915374991104,0.8838855028152466,82,32,29.5
OR,30,forecast,Hybrid,10,894,160,4.796460151672363,6.291165700340488,0.6653711795806885,66,32,21.3
OR,30,forecast,Hybrid,11,894,160,2.8520450592041016,3.8924916397034344,0.8718978762626648,66,32,18.7
OR,30,forecast,Hybrid,12,894,160,3.2253241539001465,4.511963940848333,0.8278796076774597,77,32,19.9
OR,30,forecast,Hybrid,13,894,160,3.8363137245178223,5.431649755026487,0.7505608797073364,77,32,19.6
OR,30,forecast,Hybrid,14,894,160,3.0907092094421387,4.089103099722022,0.8586300611495972,66,32,17.1
OR,30,forecast,Hybrid,15,894,160,3.538393497467041,5.008284000570564,0.7879301309585571,111,32,28.9
OR,30,forecast,Hybrid,16,894,160,4.649911403656006,6.388955194248986,0.6548874378204346,73,32,28.0
OR,30,forecast,Hybrid,17,894,160,2.5967154502868652,3.528068256851049,0.8947614431381226,122,32,41.8
OR,30,forecast,Hybrid,18,894,160,2.6814076900482178,4.32426241720838,0.841902494430542,132,32,43.1
OR,30,forecast,Hybrid,19,894,160,3.508601427078247,4.586774655408957,0.8221246004104614,61,32,22.0
OR,15,nowcast,Faiman,-1,6383,1596,1.452476143836975,1.9499576368376381,0.9623501896858215,0,0,0.0
OR,15,nowcast,PG-ResMLP,0,6383,1596,1.2489367723464966,1.6534179370265707,0.9729306697845459,22,95,3.1
OR,15,nowcast,PG-ResMLP,1,6383,1596,1.2108036279678345,1.6250279497530613,0.973852276802063,24,95,3.7
OR,15,nowcast,PG-ResMLP,2,6383,1596,1.1946412324905396,1.6044532552907504,0.9745101928710938,22,95,3.3
OR,15,nowcast,PG-ResMLP,3,6383,1596,1.2573068141937256,1.638259490254724,0.9734247326850891,21,95,3.2
OR,15,nowcast,PG-ResMLP,4,6383,1596,1.392345666885376,1.8038856078925,0.9677796363830566,21,95,3.2
OR,15,nowcast,PG-ResMLP,5,6383,1596,1.291486144065857,1.739700732200518,0.97003173828125,21,95,3.1
OR,15,nowcast,PG-ResMLP,6,6383,1596,1.2150065898895264,1.611793700494229,0.9742764234542847,23,95,3.5
OR,15,nowcast,PG-ResMLP,7,6383,1596,1.231806755065918,1.6496653390831397,0.9730533957481384,23,95,3.2
OR,15,nowcast,PG-ResMLP,8,6383,1596,1.2776579856872559,1.7028963127939045,0.9712862968444824,21,95,3.0
OR,15,nowcast,PG-ResMLP,9,6383,1596,1.2730470895767212,1.6711673130074605,0.9723463654518127,23,95,3.5
OR,15,nowcast,PG-ResMLP,10,6383,1596,1.2632091045379639,1.6848610624315217,0.9718912839889526,21,95,2.9
OR,15,nowcast,PG-ResMLP,11,6383,1596,1.2794955968856812,1.6804421792086672,0.9720385670661926,22,95,2.5
OR,15,nowcast,PG-ResMLP,12,6383,1596,1.2236648797988892,1.6326642128809263,0.9736059308052063,23,95,2.7
OR,15,nowcast,PG-ResMLP,13,6383,1596,1.281150460243225,1.7246168402124669,0.9705491662025452,21,95,2.6
OR,15,nowcast,PG-ResMLP,14,6383,1596,1.280158519744873,1.7162884511620309,0.970832884311676,21,95,2.5
OR,15,nowcast,PG-ResMLP,15,6383,1596,1.2462199926376343,1.6672983005818631,0.972474217414856,21,95,2.6
OR,15,nowcast,PG-ResMLP,16,6383,1596,1.2517250776290894,1.6532712096545834,0.9729354381561279,25,95,2.9
OR,15,nowcast,PG-ResMLP,17,6383,1596,1.2739022970199585,1.7381652793345925,0.9700846076011658,21,95,2.5
OR,15,nowcast,PG-ResMLP,18,6383,1596,1.299228310585022,1.7651446203790984,0.9691486954689026,21,95,2.5
OR,15,nowcast,PG-ResMLP,19,6383,1596,1.2564857006072998,1.6708839545188001,0.9723557233810425,21,95,2.4
OR,15,nowcast,LSTM,0,3703,858,2.4490206241607666,3.605531041029822,0.8793339133262634,33,55,13.3
OR,15,nowcast,LSTM,1,3703,858,2.095632791519165,2.946137896975565,0.9194337725639343,49,55,19.6
OR,15,nowcast,LSTM,2,3703,858,2.5522313117980957,3.6038059355449947,0.8794493675231934,33,55,11.3
OR,15,nowcast,LSTM,3,3703,858,1.8691890239715576,2.7223939700886874,0.9312062859535217,71,55,27.2
OR,15,nowcast,LSTM,4,3703,858,2.2397444248199463,3.198871598371628,0.9050182104110718,38,55,16.9
OR,15,nowcast,LSTM,5,3703,858,2.058206081390381,2.943011368983944,0.9196047186851501,39,55,15.2
OR,15,nowcast,LSTM,6,3703,858,1.9869277477264404,2.771317824452991,0.928711473941803,47,55,13.5
OR,15,nowcast,LSTM,7,3703,858,2.2070138454437256,3.192738883954609,0.9053820371627808,43,55,12.8
OR,15,nowcast,LSTM,8,3703,858,2.104607105255127,3.010345581341784,0.9158838391304016,54,55,15.2
OR,15,nowcast,LSTM,9,3703,858,1.9299236536026,2.8484074945172044,0.9246902465820312,46,55,13.4
OR,15,nowcast,LSTM,10,3703,858,2.147587776184082,3.0968516821421272,0.9109799861907959,36,55,10.7
OR,15,nowcast,LSTM,11,3703,858,2.038564443588257,2.89013898733069,0.9224674105644226,41,55,12.0
OR,15,nowcast,LSTM,12,3703,858,2.1470859050750732,3.0927809922054084,0.9112138748168945,56,55,15.8
OR,15,nowcast,LSTM,13,3703,858,1.9965145587921143,2.889312446143198,0.9225117564201355,46,55,13.3
OR,15,nowcast,LSTM,14,3703,858,2.182190418243408,3.1527648417636445,0.9077364802360535,66,55,25.7
OR,15,nowcast,LSTM,15,3703,858,2.002232789993286,2.8992310129254264,0.9219788312911987,59,55,23.8
OR,15,nowcast,LSTM,16,3703,858,2.3465940952301025,3.319703672352248,0.8977071046829224,52,55,21.1
OR,15,nowcast,LSTM,17,3703,858,1.8011234998703003,2.657951617762852,0.9344245791435242,59,55,25.1
OR,15,nowcast,LSTM,18,3703,858,1.9528390169143677,2.84327526112233,0.9249614477157593,45,55,17.7
OR,15,nowcast,LSTM,19,3703,858,2.0716006755828857,2.8855123308943185,0.922715425491333,36,55,11.2
OR,15,forecast,PG-ResMLP,0,5667,1399,1.4189516305923462,1.9026438889497843,0.9644365310668945,23,85,2.7
OR,15,forecast,PG-ResMLP,1,5667,1399,1.3970506191253662,1.8775922022705953,0.9653668999671936,23,85,2.8
OR,15,forecast,PG-ResMLP,2,5667,1399,1.4020782709121704,1.8972484491241144,0.9646379351615906,22,85,2.7
OR,15,forecast,PG-ResMLP,3,5667,1399,1.4544155597686768,1.954716514658697,0.9624632596969604,21,85,2.6
OR,15,forecast,PG-ResMLP,4,5667,1399,1.440180778503418,1.9145530227846481,0.9639899730682373,23,85,2.7
OR,15,forecast,PG-ResMLP,5,5667,1399,1.5360689163208008,2.0678996294703174,0.9579904675483704,21,85,3.1
OR,15,forecast,PG-ResMLP,6,5667,1399,1.4141072034835815,1.8903904919167682,0.9648931622505188,23,85,3.3
OR,15,forecast,PG-ResMLP,7,5667,1399,1.34492027759552,1.8193249950397246,0.9674830436706543,22,85,2.7
OR,15,forecast,PG-ResMLP,8,5667,1399,1.5740840435028076,2.060712444288541,0.9582819938659668,21,85,2.6
OR,15,forecast,PG-ResMLP,9,5667,1399,1.4428869485855103,1.958242258700173,0.9623277187347412,22,85,2.7
OR,15,forecast,PG-ResMLP,10,5667,1399,1.437428593635559,1.9227603640804625,0.9636805653572083,22,85,2.6
OR,15,forecast,PG-ResMLP,11,5667,1399,1.4149348735809326,1.923579754747896,0.963649570941925,22,85,2.6
OR,15,forecast,PG-ResMLP,12,5667,1399,1.4202097654342651,1.9186064675788266,0.9638373255729675,23,85,2.7
OR,15,forecast,PG-ResMLP,13,5667,1399,1.418861746788025,1.9230606639614884,0.9636691808700562,22,85,2.6
OR,15,forecast,PG-ResMLP,14,5667,1399,1.4215997457504272,1.904133919810622,0.9643808007240295,23,85,2.7
OR,15,forecast,PG-ResMLP,15,5667,1399,1.4552879333496094,1.9766082155270956,0.9616177678108215,21,85,2.5
OR,15,forecast,PG-ResMLP,16,5667,1399,1.4169186353683472,1.8884425531951294,0.9649654626846313,23,85,2.7
OR,15,forecast,PG-ResMLP,17,5667,1399,1.4556314945220947,2.0083929625505825,0.9603734612464905,21,85,2.5
OR,15,forecast,PG-ResMLP,18,5667,1399,1.469071626663208,2.0033719724376526,0.9605713486671448,22,85,2.5
OR,15,forecast,PG-ResMLP,19,5667,1399,1.4632221460342407,1.9842019794157013,0.9613223075866699,21,85,2.4
OR,15,forecast,LSTM,0,3364,763,2.2498860359191895,3.2123522832135465,0.9059895277023315,33,50,9.7
OR,15,forecast,LSTM,1,3364,763,1.9972339868545532,2.9354994434375006,0.9214956164360046,54,50,14.6
OR,15,forecast,LSTM,2,3364,763,2.352297067642212,3.3891658895576238,0.8953557014465332,46,50,12.7
OR,15,forecast,LSTM,3,3364,763,2.0131566524505615,2.814421611876837,0.9278380274772644,63,50,16.7
OR,15,forecast,LSTM,4,3364,763,2.408076524734497,3.46451468125386,0.8906509876251221,34,50,10.3
OR,15,forecast,LSTM,5,3364,763,2.576932191848755,3.565077936462848,0.8842108249664307,42,50,12.0
OR,15,forecast,LSTM,6,3364,763,2.135748863220215,3.017049186298013,0.9170732498168945,55,50,15.2
OR,15,forecast,LSTM,7,3364,763,2.5164554119110107,3.6143012179489666,0.8809913396835327,57,50,15.6
OR,15,forecast,LSTM,8,3364,763,2.3468234539031982,3.372988207229008,0.8963522911071777,45,50,17.1
OR,15,forecast,LSTM,9,3364,763,2.0462820529937744,2.847569510102987,0.9261282086372375,51,50,15.3
OR,15,forecast,LSTM,10,3364,763,2.1041312217712402,2.918385262745322,0.9224082827568054,59,50,16.8
OR,15,forecast,LSTM,11,3364,763,1.8542391061782837,2.6336524596979194,0.9368101954460144,68,50,20.8
OR,15,forecast,LSTM,12,3364,763,2.18146014213562,3.205138378518416,0.9064112901687622,46,50,13.4
OR,15,forecast,LSTM,13,3364,763,2.4932658672332764,3.5796937127394526,0.8832594156265259,41,50,12.1
OR,15,forecast,LSTM,14,3364,763,2.060560464859009,2.948617229634008,0.9207924008369446,42,50,12.2
OR,15,forecast,LSTM,15,3364,763,2.17531418800354,3.1125138125438685,0.9117423295974731,46,50,13.1
OR,15,forecast,LSTM,16,3364,763,2.2543413639068604,3.148670727442537,0.9096798896789551,49,50,14.5
OR,15,forecast,LSTM,17,3364,763,1.9570175409317017,2.838717524595965,0.9265867471694946,46,50,14.1
OR,15,forecast,LSTM,18,3364,763,2.306788206100464,3.3376856205788537,0.8985105752944946,85,50,23.7
OR,15,forecast,LSTM,19,3364,763,2.0197386741638184,2.8448505996602367,0.9262691736221313,64,50,18.8
OR,15,forecast,Hybrid,0,3364,763,2.189272403717041,2.8444704254109583,0.926288902759552,94,50,89.4
OR,15,forecast,Hybrid,1,3364,763,2.8206472396850586,3.8247986335357798,0.8667254447937012,51,50,50.4
OR,15,forecast,Hybrid,2,3364,763,2.3996591567993164,3.455546638978805,0.8912163972854614,35,50,25.7
OR,15,forecast,Hybrid,3,3364,763,2.192460775375366,2.935174386661676,0.9215129613876343,54,50,38.2
OR,15,forecast,Hybrid,4,3364,763,2.621044397354126,3.5113802227942736,0.8876726031303406,79,50,55.6
OR,15,forecast,Hybrid,5,3364,763,2.4948906898498535,3.6901005772061906,0.8759472370147705,49,50,44.3
OR,15,forecast,Hybrid,6,3364,763,2.139653205871582,2.8464697942023975,0.9261852502822876,51,50,51.7
OR,15,forecast,Hybrid,7,3364,763,2.792039155960083,3.8344664073889776,0.8660508394241333,44,50,47.0
OR,15,forecast,Hybrid,8,3364,763,2.207887649536133,3.029789838395355,0.9163713455200195,33,50,38.2
OR,15,forecast,Hybrid,9,3364,763,2.058079481124878,2.880532456291803,0.9244080781936646,75,50,68.1
OR,15,forecast,Hybrid,10,3364,763,2.917963743209839,4.179714880167329,0.840843915939331,55,50,54.4
OR,15,forecast,Hybrid,11,3364,763,2.15175199508667,2.982496379328894,0.918961763381958,56,50,57.6
OR,15,forecast,Hybrid,12,3364,763,3.1407485008239746,4.564200933408,0.8102160692214966,57,50,47.0
OR,15,forecast,Hybrid,13,3364,763,3.1941285133361816,4.5591288614538845,0.8106375932693481,45,50,32.9
OR,15,forecast,Hybrid,14,3364,763,2.8622591495513916,3.8364028803746453,0.8659155368804932,48,50,49.0
OR,15,forecast,Hybrid,15,3364,763,2.668297290802002,3.7515228993884913,0.8717831373214722,56,50,57.1
OR,15,forecast,Hybrid,16,3364,763,2.1502275466918945,3.130375625447605,0.9107264280319214,70,50,58.2
OR,15,forecast,Hybrid,17,3364,763,2.318011999130249,3.2921780217219396,0.901259183883667,86,50,94.2
OR,15,forecast,Hybrid,18,3364,763,3.3204450607299805,4.539874688658345,0.8122336864471436,46,50,41.1
OR,15,forecast,Hybrid,19,3364,763,2.658194065093994,3.654463241761803,0.8783317804336548,55,50,40.8
