seed,alpha,method,band,n_cal,n_test,qhat,coverage,mean_width,test_MAE
0,0.1,global,all,9897,43096,3.8423213958740234,0.9594161871171338,7.684642791748047,1.3688889741897583
0,0.1,mondrian,"[0,200)",3516,9542,3.4503116607666016,0.9766296373925801,6.900623321533203,1.3688889741897583
0,0.1,mondrian,"[200,500)",3607,12362,4.901268005371094,0.9764601197217279,9.802536010742188,1.3688889741897583
0,0.1,mondrian,"[500,inf)",2774,21192,2.7787208557128906,0.8828803322008305,5.557441711425781,1.3688889741897583
0,0.1,mondrian,all,9897,43096,,0.9304807870800075,7.072535795605158,1.3688889741897583
0,0.05,global,all,9897,43096,4.903236389160156,0.9821097085576388,9.806472778320312,1.3688889741897583
0,0.05,mondrian,"[0,200)",3516,9542,4.303571701049805,0.9897296164326137,8.60714340209961,1.3688889741897583
0,0.05,mondrian,"[200,500)",3607,12362,6.009803771972656,0.9891603300436822,12.019607543945312,1.3688889741897583
0,0.05,mondrian,"[500,inf)",2774,21192,3.5391616821289062,0.9430917327293318,7.0783233642578125,1.3688889741897583
0,0.05,mondrian,all,9897,43096,,0.9666326341191758,8.83422079859936,1.3688889741897583
1,0.1,global,all,9897,43096,3.8112640380859375,0.9597178392426211,7.622528076171875,1.3450207710266113
1,0.1,mondrian,"[0,200)",3516,9542,3.493337631225586,0.9791448333682666,6.986675262451172,1.3450207710266113
1,0.1,mondrian,"[200,500)",3607,12362,4.7130126953125,0.9746804724154667,9.426025390625,1.3450207710266113
1,0.1,mondrian,"[500,inf)",2774,21192,2.787324905395508,0.8911853529633824,5.574649810791016,1.3450207710266113
1,0.1,mondrian,all,9897,43096,,0.934611100798218,6.992049378677802,1.3450207710266113
1,0.05,global,all,9897,43096,4.787811279296875,0.9809727120846482,9.57562255859375,1.3450207710266113
1,0.05,mondrian,"[0,200)",3516,9542,4.272024154663086,0.9902536155942151,8.544048309326172,1.3450207710266113
1,0.05,mondrian,"[200,500)",3607,12362,5.886074066162109,0.9881896133311762,11.772148132324219,1.3450207710266113
1,0.05,mondrian,"[500,inf)",2774,21192,3.573406219482422,0.9452623631559078,7.146812438964844,1.3450207710266113
1,0.05,mondrian,all,9897,43096,,0.9675375904956377,8.782946291672667,1.3450207710266113
2,0.1,global,all,9897,43096,3.5937023162841797,0.9531279005012067,7.187404632568359,1.3290809392929077
2,0.1,mondrian,"[0,200)",3516,9542,3.1975784301757812,0.9821840285055544,6.3951568603515625,1.3290809392929077
2,0.1,mondrian,"[200,500)",3607,12362,4.49925422668457,0.9733861834654587,8.99850845336914,1.3290809392929077
2,0.1,mondrian,"[500,inf)",2774,21192,2.9105396270751953,0.8943941109852774,5.821079254150391,1.3290809392929077
2,0.1,mondrian,all,9897,43096,,0.9364906255801002,6.859626411174564,1.3290809392929077
2,0.05,global,all,9897,43096,4.554958343505859,0.9783274549842212,9.109916687011719,1.3290809392929077
2,0.05,mondrian,"[0,200)",3516,9542,3.9877700805664062,0.9919304129113393,7.9755401611328125,1.3290809392929077
2,0.05,mondrian,"[200,500)",3607,12362,5.70231819152832,0.9879469341530497,11.40463638305664,1.3290809392929077
2,0.05,mondrian,"[500,inf)",2774,21192,3.6508636474609375,0.9451208003020007,7.301727294921875,1.3290809392929077
2,0.05,mondrian,all,9897,43096,,0.9677696305921664,8.62782912611054,1.3290809392929077
3,0.1,global,all,9897,43096,3.250316619873047,0.944263968813811,6.500633239746094,1.242289662361145
3,0.1,mondrian,"[0,200)",3516,9542,2.550149917602539,0.9758960385663383,5.100299835205078,1.242289662361145
3,0.1,mondrian,"[200,500)",3607,12362,3.945547103881836,0.9641643746966511,7.891094207763672,1.242289662361145
3,0.1,mondrian,"[500,inf)",2774,21192,3.231283187866211,0.9294073235183088,6.462566375732422,1.242289662361145
3,0.1,mondrian,all,9897,43096,,0.9496705030629293,6.57071362210931,1.242289662361145
3,0.05,global,all,9897,43096,4.1237335205078125,0.9737794690922591,8.247467041015625,1.242289662361145
3,0.05,mondrian,"[0,200)",3516,9542,3.1092681884765625,0.9885768182770908,6.218536376953125,1.242289662361145
3,0.05,mondrian,"[200,500)",3607,12362,4.941768646240234,0.984792104837405,9.883537292480469,1.242289662361145
3,0.05,mondrian,"[500,inf)",2774,21192,3.9842758178710938,0.9628633446583617,7.9685516357421875,1.242289662361145
3,0.05,mondrian,all,9897,43096,,0.9748468535362911,8.13038584516379,1.242289662361145
4,0.1,global,all,9897,43096,3.8028125762939453,0.958511230740672,7.605625152587891,1.35927414894104
4,0.1,mondrian,"[0,200)",3516,9542,3.316129684448242,0.9731712429260113,6.632259368896484,1.35927414894104
4,0.1,mondrian,"[200,500)",3607,12362,4.84052848815918,0.9774308364342339,9.68105697631836,1.35927414894104
4,0.1,mondrian,"[500,inf)",2774,21192,2.815509796142578,0.8867025292563231,5.631019592285156,1.35927414894104
4,0.1,mondrian,all,9897,43096,,0.9318730276591795,7.014451745845666,1.35927414894104
4,0.05,global,all,9897,43096,4.8069000244140625,0.9814832002970113,9.613800048828125,1.35927414894104
4,0.05,mondrian,"[0,200)",3516,9542,4.11685848236084,0.9884720184447705,8.23371696472168,1.35927414894104
4,0.05,mondrian,"[200,500)",3607,12362,5.996183395385742,0.9894030092218088,11.992366790771484,1.35927414894104
4,0.05,mondrian,"[500,inf)",2774,21192,3.5855064392089844,0.9441770479426198,7.171012878417969,1.35927414894104
4,0.05,mondrian,all,9897,43096,,0.966957490254316,8.789304586604905,1.35927414894104
5,0.1,global,all,9897,43096,3.3916778564453125,0.9496008910339707,6.783355712890625,1.2661892175674438
5,0.1,mondrian,"[0,200)",3516,9542,2.8150243759155273,0.9835464263257179,5.630048751831055,1.2661892175674438
5,0.1,mondrian,"[200,500)",3607,12362,4.090953826904297,0.9693415304966834,8.181907653808594,1.2661892175674438
5,0.1,mondrian,"[500,inf)",2774,21192,3.1733531951904297,0.9221404303510758,6.346706390380859,1.2661892175674438
5,0.1,mondrian,all,9897,43096,,0.9492760348988305,6.714453068296476,1.2661892175674438
5,0.05,global,all,9897,43096,4.256572723388672,0.9761462780768517,8.513145446777344,1.2661892175674438
5,0.05,mondrian,"[0,200)",3516,9542,3.453239917755127,0.9920352127436596,6.906479835510254,1.2661892175674438
5,0.05,mondrian,"[200,500)",3607,12362,5.2096710205078125,0.9871380035592946,10.419342041015625,1.2661892175674438
5,0.05,mondrian,"[500,inf)",2774,21192,3.9963417053222656,0.9621083427708569,7.992683410644531,1.2661892175674438
5,0.05,mondrian,all,9897,43096,,0.975914237980323,8.44826628317832,1.2661892175674438
6,0.1,global,all,9897,43096,3.3530406951904297,0.9449368850937442,6.706081390380859,1.277632474899292
6,0.1,mondrian,"[0,200)",3516,9542,2.7994213104248047,0.9835464263257179,5.598842620849609,1.277632474899292
6,0.1,mondrian,"[200,500)",3607,12362,4.0810546875,0.9665911664779162,8.162109375,1.277632474899292
6,0.1,mondrian,"[500,inf)",2774,21192,3.2257862091064453,0.9203944884862212,6.451572418212891,1.277632474899292
6,0.1,mondrian,all,9897,43096,,0.9476285502134769,6.753431294520711,1.277632474899292
6,0.05,global,all,9897,43096,4.240682601928711,0.9733153888992018,8.481365203857422,1.277632474899292
6,0.05,mondrian,"[0,200)",3516,9542,3.3530406951904297,0.9919304129113393,6.706081390380859,1.277632474899292
6,0.05,mondrian,"[200,500)",3607,12362,5.168346405029297,0.9858437146092865,10.336692810058594,1.277632474899292
6,0.05,mondrian,"[500,inf)",2774,21192,4.017818450927734,0.9567289543223858,8.035636901855469,1.277632474899292
6,0.05,mondrian,all,9897,43096,,0.9728745127157973,8.401309689276953,1.277632474899292
7,0.1,global,all,9897,43096,3.3436355590820312,0.9451921291999258,6.6872711181640625,1.2714519500732422
7,0.1,mondrian,"[0,200)",3516,9542,2.889493942260742,0.9857472228044435,5.778987884521484,1.2714519500732422
7,0.1,mondrian,"[200,500)",3607,12362,4.0843048095703125,0.9666720595372917,8.168609619140625,1.2714519500732422
7,0.1,mondrian,"[500,inf)",2774,21192,3.1221923828125,0.9134579086447716,6.244384765625,1.2714519500732422
7,0.1,mondrian,all,9897,43096,,0.9447280490068684,6.693299992088487,1.2714519500732422
7,0.05,global,all,9897,43096,4.245641708374023,0.9746148134397624,8.491283416748047,1.2714519500732422
7,0.05,mondrian,"[0,200)",3516,9542,3.4011783599853516,0.9923496122406205,6.802356719970703,1.2714519500732422
7,0.05,mondrian,"[200,500)",3607,12362,5.13255500793457,0.9851965701342825,10.26511001586914,1.2714519500732422
7,0.05,mondrian,"[500,inf)",2774,21192,3.8968162536621094,0.9555492638731596,7.793632507324219,1.2714519500732422
7,0.05,mondrian,all,9897,43096,,0.9722015964358641,8.283089797970801,1.2714519500732422
8,0.1,global,all,9897,43096,3.500202178955078,0.9504362353814739,7.000404357910156,1.288997769355774
8,0.1,mondrian,"[0,200)",3516,9542,3.023104190826416,0.9841752253196395,6.046208381652832,1.288997769355774
8,0.1,mondrian,"[200,500)",3607,12362,4.324499130249023,0.9714447500404465,8.648998260498047,1.288997769355774
8,0.1,mondrian,"[500,inf)",2774,21192,3.0041255950927734,0.9024631936579841,6.008251190185547,1.288997769355774
8,0.1,mondrian,all,9897,43096,,0.9403424911824764,6.774148322267038,1.288997769355774
8,0.05,global,all,9897,43096,4.395423889160156,0.9759838500092816,8.790847778320312,1.288997769355774
8,0.05,mondrian,"[0,200)",3516,9542,3.690443992614746,0.9927688115699015,7.380887985229492,1.288997769355774
8,0.05,mondrian,"[200,500)",3607,12362,5.523525238037109,0.9874615757967966,11.047050476074219,1.288997769355774
8,0.05,mondrian,"[500,inf)",2774,21192,3.785562515258789,0.9499811249528124,7.571125030517578,1.288997769355774
8,0.05,mondrian,all,9897,43096,,0.9702060516057175,8.526066288913539,1.288997769355774
9,0.1,global,all,9897,43096,3.74078369140625,0.9556803415630221,7.4815673828125,1.3524556159973145
9,0.1,mondrian,"[0,200)",3516,9542,3.3660058975219727,0.978096835045064,6.732011795043945,1.3524556159973145
9,0.1,mondrian,"[200,500)",3607,12362,4.736469268798828,0.9754894030092218,9.472938537597656,1.3524556159973145
9,0.1,mondrian,"[500,inf)",2774,21192,2.779033660888672,0.8778312570781427,5.558067321777344,1.3524556159973145
9,0.1,mondrian,all,9897,43096,,0.9280443660664562,6.940966341033902,1.3524556159973145
9,0.05,global,all,9897,43096,4.798040390014648,0.980137367737145,9.596080780029297,1.3524556159973145
9,0.05,mondrian,"[0,200)",3516,9542,4.265178680419922,0.9909872144204569,8.530357360839844,1.3524556159973145
9,0.05,mondrian,"[200,500)",3607,12362,5.865383148193359,0.9881896133311762,11.730766296386719,1.3524556159973145
9,0.05,mondrian,"[500,inf)",2774,21192,3.5921897888183594,0.9418176670441676,7.184379577636719,1.3524556159973145
9,0.05,mondrian,all,9897,43096,,0.9660061258585484,8.786517888025426,1.3524556159973145
10,0.1,global,all,9897,43096,4.068643569946289,0.9652171895303508,8.137287139892578,1.383349061012268
10,0.1,mondrian,"[0,200)",3516,9542,3.6957950592041016,0.9821840285055544,7.391590118408203,1.383349061012268
10,0.1,mondrian,"[200,500)",3607,12362,5.151823043823242,0.9801812004530012,10.303646087646484,1.383349061012268
10,0.1,mondrian,"[500,inf)",2774,21192,2.7915382385253906,0.8842959607399018,5.583076477050781,1.383349061012268
10,0.1,mondrian,all,9897,43096,,0.9334741043252274,7.337590090657998,1.383349061012268
10,0.05,global,all,9897,43096,5.11724853515625,0.9843604974939669,10.2344970703125,1.383349061012268
10,0.05,mondrian,"[0,200)",3516,9542,4.51533317565918,0.9917208132466988,9.03066635131836,1.383349061012268
10,0.05,mondrian,"[200,500)",3607,12362,6.270332336425781,0.9907781912311924,12.540664672851562,1.383349061012268
10,0.05,mondrian,"[500,inf)",2774,21192,3.6104984283447266,0.9454983012457531,7.220996856689453,1.383349061012268
10,0.05,mondrian,all,9897,43096,,0.968720994987934,9.14761649334123,1.383349061012268
11,0.1,global,all,9897,43096,3.775951385498047,0.9586272507889363,7.551902770996094,1.3613402843475342
11,0.1,mondrian,"[0,200)",3516,9542,3.604731559753418,0.9856424229721232,7.209463119506836,1.3613402843475342
11,0.1,mondrian,"[200,500)",3607,12362,4.63371467590332,0.9751658307717198,9.26742935180664,1.3613402843475342
11,0.1,mondrian,"[500,inf)",2774,21192,2.8282508850097656,0.8837297093242733,5.656501770019531,1.3613402843475342
11,0.1,mondrian,all,9897,43096,,0.9325227399294598,7.036134310460874,1.3613402843475342
11,0.05,global,all,9897,43096,4.761847496032715,0.9809031000556896,9.52369499206543,1.3613402843475342
11,0.05,mondrian,"[0,200)",3516,9542,4.337148666381836,0.992559211905261,8.674297332763672,1.3613402843475342
11,0.05,mondrian,"[200,500)",3607,12362,5.811540603637695,0.9885940786280537,11.62308120727539,1.3613402843475342
11,0.05,mondrian,"[500,inf)",2774,21192,3.6211013793945312,0.9431861079652699,7.2422027587890625,1.3613402843475342
11,0.05,mondrian,all,9897,43096,,0.9671431223315389,8.815932706001187,1.3613402843475342
12,0.1,global,all,9897,43096,3.6688919067382812,0.9561212177464266,7.3377838134765625,1.3237212896347046
12,0.1,mondrian,"[0,200)",3516,9542,3.2507171630859375,0.9805072311884301,6.501434326171875,1.3237212896347046
12,0.1,mondrian,"[200,500)",3607,12362,4.592292785644531,0.9754894030092218,9.184585571289062,1.3237212896347046
12,0.1,mondrian,"[500,inf)",2774,21192,2.7700576782226562,0.882314080785202,5.5401153564453125,1.3237212896347046
12,0.1,mondrian,all,9897,43096,,0.9307824392054947,6.798372419862551,1.3237212896347046
12,0.05,global,all,9897,43096,4.649070739746094,0.9800213476888806,9.298141479492188,1.3237212896347046
12,0.05,mondrian,"[0,200)",3516,9542,4.09608268737793,0.9915112135820583,8.19216537475586,1.3237212896347046
12,0.05,mondrian,"[200,500)",3607,12362,5.800010681152344,0.9887558647468048,11.600021362304688,1.3237212896347046
12,0.05,mondrian,"[500,inf)",2774,21192,3.557210922241211,0.9423367308418271,7.114421844482422,1.3237212896347046
12,0.05,mondrian,all,9897,43096,,0.9665398180805643,8.639733010372249,1.3237212896347046
13,0.1,global,all,9897,43096,3.3151512145996094,0.9447744570261741,6.630302429199219,1.2697118520736694
13,0.1,mondrian,"[0,200)",3516,9542,2.7428927421569824,0.9814504296793125,5.485785484313965,1.2697118520736694
13,0.1,mondrian,"[200,500)",3607,12362,4.112831115722656,0.9685325999029283,8.225662231445312,1.2697118520736694
13,0.1,mondrian,"[500,inf)",2774,21192,3.1552886962890625,0.9183182332955833,6.310577392578125,1.2697118520736694
13,0.1,mondrian,all,9897,43096,,0.9467003898273622,6.677296215425247,1.2697118520736694
13,0.05,global,all,9897,43096,4.258705139160156,0.9753109337293484,8.517410278320312,1.2697118520736694
13,0.05,mondrian,"[0,200)",3516,9542,3.3406643867492676,0.9910920142527772,6.681328773498535,1.2697118520736694
13,0.05,mondrian,"[200,500)",3607,12362,5.264215469360352,0.9875424688561721,10.528430938720703,1.2697118520736694
13,0.05,mondrian,"[500,inf)",2774,21192,4.012075424194336,0.9614949037372593,8.024150848388672,1.2697118520736694
13,0.05,mondrian,all,9897,43096,,0.9755197698162242,8.445180694269563,1.2697118520736694
14,0.1,global,all,9897,43096,3.269716262817383,0.9396231668832374,6.539432525634766,1.2958906888961792
14,0.1,mondrian,"[0,200)",3516,9542,2.5662002563476562,0.9674072521483965,5.1324005126953125,1.2958906888961792
14,0.1,mondrian,"[200,500)",3607,12362,4.0726470947265625,0.9681281346060508,8.145294189453125,1.2958906888961792
14,0.1,mondrian,"[500,inf)",2774,21192,3.1032943725585938,0.9110041525103812,6.2065887451171875,1.2958906888961792
14,0.1,mondrian,all,9897,43096,,0.9398784109894189,6.524863587077261,1.2958906888961792
14,0.05,global,all,9897,43096,4.216327667236328,0.9731297568219789,8.432655334472656,1.2958906888961792
14,0.05,mondrian,"[0,200)",3516,9542,3.1867008209228516,0.9848040243135611,6.373401641845703,1.2958906888961792
14,0.05,mondrian,"[200,500)",3607,12362,5.257804870605469,0.9864908590842906,10.515609741210938,1.2958906888961792
14,0.05,mondrian,"[500,inf)",2774,21192,3.875835418701172,0.9531898829747074,7.751670837402344,1.2958906888961792
14,0.05,mondrian,all,9897,43096,,0.96974197141266,8.239334844848054,1.2958906888961792
15,0.1,global,all,9897,43096,3.6178627014160156,0.9553322814182291,7.235725402832031,1.2994976043701172
15,0.1,mondrian,"[0,200)",3516,9542,3.3275928497314453,0.9877384196185286,6.655185699462891,1.2994976043701172
15,0.1,mondrian,"[200,500)",3607,12362,4.436185836791992,0.9738715418217117,8.872371673583984,1.2994976043701172
15,0.1,mondrian,"[500,inf)",2774,21192,2.9635086059570312,0.9011891279728199,5.9270172119140625,1.2994976043701172
15,0.1,mondrian,all,9897,43096,,0.9412010395396324,6.933111874141519,1.2994976043701172
15,0.05,global,all,9897,43096,4.5400390625,0.9783970670131799,9.080078125,1.2994976043701172
15,0.05,mondrian,"[0,200)",3516,9542,4.048360824584961,0.9936072102284637,8.096721649169922,1.2994976043701172
15,0.05,mondrian,"[200,500)",3607,12362,5.610950469970703,0.9881087202718006,11.221900939941406,1.2994976043701172
15,0.05,mondrian,"[500,inf)",2774,21192,3.794088363647461,0.9512080030200075,7.588176727294922,1.2994976043701172
15,0.05,mondrian,all,9897,43096,,0.9711806200111379,8.743101415462434,1.2994976043701172
16,0.1,global,all,9897,43096,3.823671340942383,0.96027473547429,7.647342681884766,1.3504027128219604
16,0.1,mondrian,"[0,200)",3516,9542,3.567117691040039,0.9821840285055544,7.134235382080078,1.3504027128219604
16,0.1,mondrian,"[200,500)",3607,12362,4.74578857421875,0.9767836919592299,9.4915771484375,1.3504027128219604
16,0.1,mondrian,"[500,inf)",2774,21192,2.774993896484375,0.8832106455266138,5.54998779296875,1.3504027128219604
16,0.1,mondrian,all,9897,43096,,0.931965843697791,7.0313971606039125,1.3504027128219604
16,0.05,global,all,9897,43096,4.85289192199707,0.9821097085576388,9.70578384399414,1.3504027128219604
16,0.05,mondrian,"[0,200)",3516,9542,4.377765655517578,0.9920352127436596,8.755531311035156,1.3504027128219604
16,0.05,mondrian,"[200,500)",3607,12362,5.873029708862305,0.9889985439249313,11.74605941772461,1.3504027128219604
16,0.05,mondrian,"[500,inf)",2774,21192,3.5054092407226562,0.9419592298980748,7.0108184814453125,1.3504027128219604
16,0.05,mondrian,all,9897,43096,,0.9665398180805643,8.755414227552398,1.3504027128219604
17,0.1,global,all,9897,43096,3.419078826904297,0.9469324299238908,6.838157653808594,1.2761515378952026
17,0.1,mondrian,"[0,200)",3516,9542,2.936748504638672,0.9844896248166003,5.873497009277344,1.2761515378952026
17,0.1,mondrian,"[200,500)",3607,12362,4.190328598022461,0.9691797443779324,8.380657196044922,1.2761515378952026
17,0.1,mondrian,"[500,inf)",2774,21192,3.1228256225585938,0.9131275953189883,6.2456512451171875,1.2761515378952026
17,0.1,mondrian,all,9897,43096,,0.9450064971227028,6.775673703047967,1.2761515378952026
17,0.05,global,all,9897,43096,4.339824676513672,0.9744059773528866,8.679649353027344,1.2761515378952026
17,0.05,mondrian,"[0,200)",3516,9542,3.5409250259399414,0.9919304129113393,7.081850051879883,1.2761515378952026
17,0.05,mondrian,"[200,500)",3607,12362,5.389097213745117,0.9871380035592946,10.778194427490234,1.2761515378952026
17,0.05,mondrian,"[500,inf)",2774,21192,3.943845748901367,0.9540392600981502,7.887691497802734,1.2761515378952026
17,0.05,mondrian,all,9897,43096,,0.9719231483200297,8.538402889574616,1.2761515378952026
18,0.1,global,all,9897,43096,3.7545700073242188,0.9559123816595507,7.5091400146484375,1.3734866380691528
18,0.1,mondrian,"[0,200)",3516,9542,3.4938583374023438,0.9788304338713059,6.9877166748046875,1.3734866380691528
18,0.1,mondrian,"[200,500)",3607,12362,4.674123764038086,0.9737097557029607,9.348247528076172,1.3734866380691528
18,0.1,mondrian,"[500,inf)",2774,21192,2.768878936767578,0.8776896942242356,5.537757873535156,1.3734866380691528
18,0.1,mondrian,all,9897,43096,,0.9276266938927047,6.951828320703105,1.3734866380691528
18,0.05,global,all,9897,43096,4.75462532043457,0.9802765917950622,9.50925064086914,1.3734866380691528
18,0.05,mondrian,"[0,200)",3516,9542,4.33698844909668,0.9911968140850974,8.67397689819336,1.3734866380691528
18,0.05,mondrian,"[200,500)",3607,12362,5.744720458984375,0.9872188966186701,11.48944091796875,1.3734866380691528
18,0.05,mondrian,"[500,inf)",2774,21192,3.5528602600097656,0.9416761041902605,7.105720520019531,1.3734866380691528
18,0.05,mondrian,all,9897,43096,,0.9657044737330611,8.710413621931146,1.3734866380691528
19,0.1,global,all,9897,43096,3.51865291595459,0.9521765361054391,7.03730583190918,1.2938597202301025
19,0.1,mondrian,"[0,200)",3516,9542,3.086679458618164,0.9863760217983651,6.173358917236328,1.2938597202301025
19,0.1,mondrian,"[200,500)",3607,12362,4.319202423095703,0.9722536806342016,8.638404846191406,1.2938597202301025
19,0.1,mondrian,"[500,inf)",2774,21192,3.1033172607421875,0.9136938467346168,6.206634521484375,1.2938597202301025
19,0.1,mondrian,all,9897,43096,,0.9465843697790979,6.896815256083722,1.2938597202301025
19,0.05,global,all,9897,43096,4.438606262207031,0.9776081306849823,8.877212524414062,1.2938597202301025
19,0.05,mondrian,"[0,200)",3516,9542,3.789804458618164,0.992978411234542,7.579608917236328,1.2938597202301025
19,0.05,mondrian,"[200,500)",3607,12362,5.476627349853516,0.9872188966186701,10.953254699707031,1.2938597202301025
19,0.05,mondrian,"[500,inf)",2774,21192,3.8536949157714844,0.9540392600981502,7.707389831542969,1.2938597202301025
19,0.05,mondrian,all,9897,43096,,0.9721783924262113,8.610167259052023,1.2938597202301025
