epoch,loss,mae,res_mean,res_std,res_min,res_max,res_q25,res_q75
0,0.13943948711340243,2.9979665279388428,0.16181997954845428,0.24566097557544708,-0.06571532785892487,1.1104011535644531,-0.02293514460325241,0.31094956398010254
1,0.09003908860568817,2.9623777866363525,0.10043638944625854,0.205496147274971,-0.09127404540777206,0.9092674255371094,-0.05011509358882904,0.21744310855865479
2,0.05869647359045652,2.934959888458252,0.05764320120215416,0.16919200122356415,-0.10318012535572052,0.7409480810165405,-0.0606377087533474,0.13967232406139374
3,0.03715530822340112,2.9114482402801514,0.024609234184026718,0.13364404439926147,-0.11428600549697876,0.5902243256568909,-0.06392955780029297,0.07132730633020401
4,0.022178636774277456,2.8919286727905273,0.0031507171224802732,0.10194490849971771,-0.11792006343603134,0.47115176916122437,-0.06267143785953522,0.027490586042404175
5,0.01295628511490157,2.8741798400878906,-0.012678402476012707,0.07493584603071213,-0.12954409420490265,0.35284197330474854,-0.06379111111164093,0.01775319129228592
6,0.006561679846177308,2.8619675636291504,-0.020817209035158157,0.06034354120492935,-0.14225417375564575,0.24555133283138275,-0.06502123177051544,0.01725497841835022
7,0.0036596817170413067,2.855855703353882,-0.02299634926021099,0.05484359711408615,-0.14581528306007385,0.17672842741012573,-0.06601662933826447,0.01681806892156601
8,0.002298706748451178,2.8541693687438965,-0.02200123481452465,0.05030647665262222,-0.12691998481750488,0.1317063719034195,-0.06311856210231781,0.015948645770549774
9,0.0015281253167463897,2.855588674545288,-0.018916429951786995,0.044494591653347015,-0.1144411563873291,0.10032312572002411,-0.0546673908829689,0.015156596899032593
10,0.0010176661822837419,2.8578107357025146,-0.01617519184947014,0.03904365748167038,-0.1145729348063469,0.08710668981075287,-0.047009509056806564,0.014046892523765564
11,0.0006977068674481976,2.858830213546753,-0.015962028875947,0.03470316901803017,-0.11751831322908401,0.09725189208984375,-0.04287255182862282,0.010433048009872437
12,0.0005171636741859122,2.8594090938568115,-0.016061557456851006,0.03138362616300583,-0.11678874492645264,0.10619105398654938,-0.0390932559967041,0.006894096732139587
13,0.0004030547643196769,2.8602068424224854,-0.014916976913809776,0.029067346826195717,-0.11251022666692734,0.11086845397949219,-0.03581557422876358,0.005788400769233704
14,0.0003276749641652434,2.8610410690307617,-0.013966593891382217,0.027224546298384666,-0.1092115044593811,0.1136956512928009,-0.032841600477695465,0.00469401478767395
15,0.0002750092697589515,2.861625909805298,-0.013713606633245945,0.025376608595252037,-0.1060151755809784,0.11470909416675568,-0.03061544895172119,0.00321178138256073
16,0.00024291653664057286,2.8620834350585938,-0.012925084680318832,0.024039048701524734,-0.1025075912475586,0.1147814691066742,-0.02843526005744934,0.0025984570384025574
17,0.0002105502349317808,2.862865924835205,-0.011309306137263775,0.022981667891144753,-0.09889867901802063,0.11507637798786163,-0.025817178189754486,0.002664916217327118
18,0.00017884043140489107,2.86450457572937,-0.008238398469984531,0.02143433690071106,-0.0956013947725296,0.11138500273227692,-0.020389020442962646,0.0034954771399497986
19,0.00014432243677639725,2.8653359413146973,-0.006925092078745365,0.01988653466105461,-0.09389784932136536,0.10400044918060303,-0.016751475632190704,0.0028226226568222046
20,0.00012754037071807453,2.865687370300293,-0.006313968449831009,0.018802927806973457,-0.09332510828971863,0.10160617530345917,-0.014921844005584717,0.0026966631412506104
21,0.00011554663545281913,2.8660638332366943,-0.0053152055479586124,0.018058229237794876,-0.09311245381832123,0.09939639270305634,-0.01366722583770752,0.00365322083234787
22,0.00010438021574652969,2.8662824630737305,-0.004750891122967005,0.017460716888308525,-0.09226541221141815,0.09719285368919373,-0.0130685493350029,0.004090644419193268
23,9.671346966710049e-05,2.8664302825927734,-0.0044524092227220535,0.016887305304408073,-0.09168432652950287,0.09492868185043335,-0.012747369706630707,0.004161052405834198
24,8.916535038084615e-05,2.8667550086975098,-0.0039618974551558495,0.01631668210029602,-0.09133975207805634,0.09301239252090454,-0.011964350938796997,0.004267469048500061
25,8.410617528380289e-05,2.8668484687805176,-0.0036843125708401203,0.015826869755983353,-0.09090489894151688,0.09054705500602722,-0.011521957814693451,0.004304058849811554
26,7.788918271846621e-05,2.8670296669006348,-0.0034544896334409714,0.015359366312623024,-0.08966350555419922,0.08759112656116486,-0.011048614978790283,0.004211895167827606
27,7.366708534671209e-05,2.8671679496765137,-0.003328300081193447,0.0149270910769701,-0.0888337567448616,0.0838678628206253,-0.01067933440208435,0.0038974210619926453
28,6.917709176307723e-05,2.867171287536621,-0.0031579763162881136,0.014519952237606049,-0.08766292035579681,0.07959900796413422,-0.010438203811645508,0.003887481987476349
29,6.609810700935598e-05,2.8674004077911377,-0.002726980485022068,0.014181243255734444,-0.08600488305091858,0.07654516398906708,-0.009863995015621185,0.004067152738571167
30,6.318112970732797e-05,2.8673999309539795,-0.0026891108136624098,0.013789205811917782,-0.0848027914762497,0.072391077876091,-0.009614430367946625,0.003919787704944611
31,5.976980390607003e-05,2.8676187992095947,-0.0021392065100371838,0.013446051627397537,-0.08302372694015503,0.06899793446063995,-0.008886925876140594,0.0043095797300338745
32,5.601470953619215e-05,2.8675460815429688,-0.0024207953829318285,0.013054871931672096,-0.08181199431419373,0.06729167699813843,-0.008983694016933441,0.003687463700771332
33,5.421052082965616e-05,2.867640972137451,-0.002041508909314871,0.012797090224921703,-0.08032317459583282,0.06592270731925964,-0.008611127734184265,0.004042193293571472
34,5.087281330746079e-05,2.867659330368042,-0.002085076877847314,0.012487515807151794,-0.07867661118507385,0.06360068917274475,-0.008464440703392029,0.003738000988960266
35,4.916248998107711e-05,2.867668628692627,-0.0020489366725087166,0.012207591906189919,-0.07751975953578949,0.061874955892562866,-0.00831286609172821,0.003576993942260742
36,4.641509251366817e-05,2.8676044940948486,-0.0019702392164617777,0.011895793490111828,-0.07622763514518738,0.05967134237289429,-0.008180081844329834,0.0035724639892578125
37,4.392065868439833e-05,2.8675966262817383,-0.002085915068164468,0.011601326987147331,-0.07489671558141708,0.05766884982585907,-0.00815078616142273,0.003303922712802887
38,4.19014739656212e-05,2.8677561283111572,-0.0017760500777512789,0.011335315182805061,-0.07343935966491699,0.056299492716789246,-0.007576398551464081,0.0034922584891319275
39,3.965976034473547e-05,2.8677124977111816,-0.0018253199523314834,0.011096040718257427,-0.07254057377576828,0.054685741662979126,-0.007553219795227051,0.003328949213027954
40,3.834839215134987e-05,2.8676788806915283,-0.0017670118249952793,0.010885565541684628,-0.07123326510190964,0.05305606126785278,-0.007521800696849823,0.0033390671014785767
41,3.679630761045981e-05,2.8677215576171875,-0.001648197416216135,0.010671794414520264,-0.06957224756479263,0.05184674263000488,-0.007220767438411713,0.003353126347064972
42,3.5097330370403004e-05,2.8678548336029053,-0.0013877332676202059,0.010470272041857243,-0.06821241974830627,0.05063444375991821,-0.006818316876888275,0.0034511983394622803
43,3.422837590523368e-05,2.8677310943603516,-0.0016748624620959163,0.010237912647426128,-0.06721725314855576,0.04904468357563019,-0.006973400712013245,0.003033056855201721
44,3.2654712238302003e-05,2.867892265319824,-0.0012574736028909683,0.01007936056703329,-0.0654497966170311,0.04946109652519226,-0.006450444459915161,0.00340484082698822
45,3.190890346069444e-05,2.867795705795288,-0.0015050151851028204,0.009844530373811722,-0.06432934105396271,0.04898838698863983,-0.006568737328052521,0.0029597580432891846
46,3.048924215293552e-05,2.867867946624756,-0.001143632922321558,0.009687800891697407,-0.06307485699653625,0.04903498291969299,-0.006197787821292877,0.003374442458152771
47,2.9848833911763413e-05,2.8678977489471436,-0.0011662355391308665,0.009506148286163807,-0.06177956610918045,0.04925572872161865,-0.006100386381149292,0.003224983811378479
48,2.8536539398024055e-05,2.867863655090332,-0.0011548921465873718,0.009337527677416801,-0.0604591965675354,0.048725470900535583,-0.0060424283146858215,0.0031391307711601257
49,2.7904572911770978e-05,2.8678176403045654,-0.0012004465097561479,0.009173378348350525,-0.05942235141992569,0.04828286170959473,-0.006003230810165405,0.0030719637870788574
50,2.692683312069186e-05,2.8678338527679443,-0.001205544569529593,0.009017991833388805,-0.058194227516651154,0.048035964369773865,-0.005936063826084137,0.002987377345561981
51,2.611690006933014e-05,2.867929697036743,-0.0008495187503285706,0.008887853473424911,-0.05693909525871277,0.04831220209598541,-0.005560919642448425,0.0033310577273368835
52,2.5241943568779298e-05,2.8678231239318848,-0.0011706624645739794,0.008744237944483757,-0.05556787550449371,0.047431930899620056,-0.005811579525470734,0.0029120296239852905
53,2.44459383443777e-05,2.8677821159362793,-0.0011723136994987726,0.00856686569750309,-0.05407103896141052,0.04710379242897034,-0.0057204365730285645,0.0028468891978263855
54,2.3732335403810095e-05,2.867811679840088,-0.0010844251373782754,0.008422845043241978,-0.05305010825395584,0.04704262316226959,-0.005563758313655853,0.0028888732194900513
55,2.2928150201551034e-05,2.867771625518799,-0.0012401723070070148,0.008282983675599098,-0.05189467966556549,0.04653176665306091,-0.0056420862674713135,0.002647772431373596
56,2.2451071659956004e-05,2.8679072856903076,-0.000783786759711802,0.008190875872969627,-0.05086877942085266,0.04668886959552765,-0.005132794380187988,0.003126479685306549
57,2.1735063945435777e-05,2.867854118347168,-0.0009253380703739822,0.008050937205553055,-0.04960586875677109,0.04632332921028137,-0.005181923508644104,0.0029434487223625183
58,2.1742485562124504e-05,2.867821455001831,-0.0010425649816170335,0.007914391346275806,-0.048405684530735016,0.04587601125240326,-0.005236588418483734,0.0027223005890846252
59,2.046611657883309e-05,2.8679330348968506,-0.000745845609344542,0.007813415490090847,-0.047476932406425476,0.04598192870616913,-0.004881046712398529,0.0030838176608085632
60,1.9999709016141984e-05,2.8677711486816406,-0.0011690640822052956,0.0076766060665249825,-0.04640331119298935,0.04545283317565918,-0.00523076206445694,0.002553582191467285
61,1.9385093974751027e-05,2.867875337600708,-0.0008338880143128335,0.007598823867738247,-0.04505140334367752,0.04538142681121826,-0.004871010780334473,0.002864062786102295
62,1.889211468481405e-05,2.8678715229034424,-0.0008498026290908456,0.007479713764041662,-0.04375562071800232,0.0452798455953598,-0.0048386454582214355,0.00280635803937912
63,1.8271376785168497e-05,2.86788010597229,-0.0007635224028490484,0.007393697742372751,-0.043099090456962585,0.044839367270469666,-0.004727974534034729,0.002936527132987976
64,1.7879528233886678e-05,2.8676843643188477,-0.0010385130299255252,0.0072673624381423,-0.04220820963382721,0.045288026332855225,-0.005018457770347595,0.0026463940739631653
65,1.745377957936748e-05,2.867898941040039,-0.0007261652499437332,0.0071811978705227375,-0.04100392758846283,0.0455469936132431,-0.0046323612332344055,0.002922654151916504
66,1.692506062821709e-05,2.867825746536255,-0.0007075632456690073,0.007101745810359716,-0.03997589647769928,0.04584622383117676,-0.004567883908748627,0.0029060766100883484
67,1.6345378141452853e-05,2.8677773475646973,-0.0008531527710147202,0.006995219737291336,-0.03867006301879883,0.04594261944293976,-0.004670843482017517,0.0026964768767356873
68,1.604013921398571e-05,2.8678364753723145,-0.0005739267216995358,0.006939356680959463,-0.03804013133049011,0.04621584713459015,-0.004355475306510925,0.002972245216369629
69,1.5692985541066333e-05,2.8678040504455566,-0.0007840809412300587,0.006842007860541344,-0.0372878760099411,0.046173661947250366,-0.004547528922557831,0.002714484930038452
70,1.523831542726839e-05,2.8679592609405518,-0.0004720050492323935,0.006771193351596594,-0.0362444669008255,0.04670919477939606,-0.004170134663581848,0.0030190125107765198
71,1.5054299060816098e-05,2.867872953414917,-0.0005336396279744804,0.006684924941509962,-0.03529219329357147,0.04659131169319153,-0.004223227500915527,0.0029303431510925293
72,1.4517121529094697e-05,2.8678219318389893,-0.0007175211794674397,0.006617315579205751,-0.03469747304916382,0.04627980291843414,-0.004342854022979736,0.0027214139699935913
73,1.4124290845966943e-05,2.8678152561187744,-0.0007479726918973029,0.006525296252220869,-0.03346475958824158,0.046256810426712036,-0.004302419722080231,0.0026295334100723267
74,1.3775983146702996e-05,2.8678035736083984,-0.000797996181063354,0.006444995291531086,-0.03231358528137207,0.046812474727630615,-0.004308886826038361,0.0025154128670692444
75,1.34873523270821e-05,2.8678224086761475,-0.0004838618915528059,0.006368239410221577,-0.031024262309074402,0.04731123149394989,-0.003976970911026001,0.002783574163913727
76,1.3469614014656354e-05,2.8677988052368164,-0.0005726023227907717,0.00629204697906971,-0.029906854033470154,0.047161027789115906,-0.0040306150913238525,0.0026382282376289368
77,1.2791757180471344e-05,2.867837905883789,-0.0005885596619918942,0.006244830787181854,-0.02931922674179077,0.04698002338409424,-0.0040114447474479675,0.0026196911931037903
78,1.271659506038794e-05,2.8677868843078613,-0.0006393847288563848,0.006168970372527838,-0.02877272665500641,0.04704064130783081,-0.004009030759334564,0.0025255605578422546
79,1.2262165910215117e-05,2.867830276489258,-0.0005507495952770114,0.006099804304540157,-0.0276259183883667,0.04689788818359375,-0.00388403981924057,0.0025923922657966614
