y_true,y_pred,latency_us,heap
11.146759,11.2163,133,350308
37.83941048095238,36.803,30,350044
17.920715,17.0033,31,350044
34.725352625,36.2035,29,350044
42.423938407142856,42.3908,29,350044
37.9858474375,32.9836,29,350044
59.59969653680555,57.8046,31,350044
35.836531854166665,36.3613,30,350044
39.853269583333336,40.7034,31,350044
40.6404282331585,42.2234,30,350044
12.893646,12.9309,31,350044
41.8273241354798,41.9456,29,350044
45.80157287708333,45.7182,31,350044
44.96955993829365,44.9115,30,350044
40.36239845089285,39.452,31,350044
52.23139206439394,53.2554,29,350044
48.11355339917762,49.0801,31,350044
37.9882735,38.198,30,350044
28.87508015,30.79,29,350044
51.55316648116883,53.2881,30,350044
23.289449,24.4417,30,350044
31.330455191666665,29.3699,30,350044
48.194225652777774,49.5362,31,350044
24.412179975,24.9722,30,350044
55.12147251666666,56.1825,31,350044
19.722463854166666,21.173,30,350044
17.533356,17.1559,31,350044
33.74635919642857,33.1998,30,350044
56.4438014375,58.8892,31,350044
49.87987260288462,50.3497,29,350044
52.9630718592803,54.3891,31,350044
55.62885161944445,56.2323,30,350044
29.219166691666665,31.302,30,350044
54.321900475,57.1528,30,350044
31.455872,31.6392,30,350044
20.404029750000003,20.8767,30,350044
54.4803996984127,57.3435,31,350044
26.749247311111112,25.7346,28,350044
18.44035833333333,18.4343,30,350044
48.60619897828283,50.1368,30,350044
11.2891845,12.7896,30,350044
47.88766140625,49.2219,30,350044
56.56234801908937,58.4232,31,350044
30.19605668154762,30.9488,29,350044
12.987009833333332,14.6563,31,350044
34.21435635833333,33.6277,29,350044
38.16819477083334,35.8203,30,350044
44.00513352999084,44.5312,30,350044
31.35980480833333,31.0575,30,350044
19.59638789583333,20.0668,30,350044
34.915344,34.8125,30,350044
49.586560449206345,51.2501,30,350044
24.9228737625,27.5503,30,350044
46.17678621291209,46.5279,30,350044
33.264485541666666,27.437,30,350044
15.870439839583334,15.4961,29,350044
11.08638,10.4345,31,350044
16.633529666666668,15.8331,29,350044
34.17928657692308,30.6168,30,350044
19.8894765,20.7832,30,350044
50.85152344444444,53.1942,31,350044
46.99104009807692,48.8533,30,350044
32.82615048931624,33.1087,30,350044
16.523519,16.1355,30,350044
55.26822397632576,55.9677,30,350044
55.86768135416666,51.429,29,350044
49.01819941095086,51.5219,31,350044
46.184651800000005,47.7484,30,350044
39.34003219196428,39.2149,31,350044
27.395205399801583,26.9729,30,350044
49.594485526068375,51.1706,31,350044
49.76793657925408,49.7868,29,350044
40.44040354261364,41.2745,30,350044
29.51422913516484,30.3329,29,350044
48.01647620437063,49.807,31,350044
23.3278805,24.2426,30,350044
48.66882319618056,50.5791,31,350044
29.337759666666667,29.1138,28,350044
8.425873,10.4537,31,350044
34.007188871969696,35.3031,29,350044
21.945883354166668,20.2656,31,350044
56.03185598614718,57.1659,37,350044
17.207019104166665,17.6091,31,350044
0.4328003,-0.5671,30,350044
28.75719342994505,29.7093,32,350044
29.681182354166666,29.8668,30,350044
50.73172032499999,49.1339,31,350044
48.05205146861472,44.2563,30,350044
48.75755531770834,50.9726,31,350044
43.129677400595234,43.9206,37,350044
42.82052465,44.3191,30,350044
27.27762845833333,27.8426,30,350044
61.38001476272893,62.0535,30,350044
16.64470825,16.28,30,350044
45.27056565681818,49.4998,30,350044
51.69614187480158,53.2589,29,350044
25.19145329242425,28.861,31,350044
52.26247239632936,51.8739,29,350044
16.793480000000002,16.5471,31,350044
49.39945168040293,51.607,30,350044
32.92412100446429,32.9029,31,350044
14.726371625000002,16.5227,30,350044
55.03845243055555,56.2371,30,350044
15.855835,17.4915,29,350044
45.43387401666666,46.5592,31,350044
10.51132975,12.1245,29,350044
24.2610938125,24.314,31,350044
37.47736563279221,40.6349,29,350044
18.3272499375,19.0487,31,350044
45.34134635416667,45.3989,30,350044
41.11602401551227,42.7315,39,350044
27.615732816666664,27.6787,30,350044
50.706616870046616,52.1905,31,350044
47.34680759265734,44.0948,30,350044
44.875716230788655,47.3767,31,350044
62.313742677350426,63.0518,30,350044
50.99212345274864,52.6462,31,350044
55.490204346527776,57.703,30,350044
38.376973525,39.2218,30,350044
13.287780590043289,15.8346,29,350044
12.131958,12.9993,30,350044
19.20508265,19.1662,30,350044
35.05802544642857,34.6084,31,350044
26.04953969523809,28.5142,30,350044
45.04097613333334,46.0169,38,350044
33.19043120089286,30.0627,30,350044
15.009496,15.9329,31,350044
11.529765,13.6383,30,350044
54.19425588133741,54.5844,31,350044
55.87581922307693,56.306,29,350044
49.87177617929293,49.9502,31,350044
38.802610675,41.4583,30,350044
19.994157469642857,19.6495,31,350044
41.79042699285714,43.6303,29,350044
41.07350484513889,43.2871,31,350044
24.628773666666664,24.062,29,350044
50.83848163131313,51.4495,31,350044
54.03205867278555,54.9861,29,350044
36.4004865875,37.6532,31,350044
14.482198166666668,13.912,29,350044
8.342712500000001,8.9002,31,350044
47.39604524861111,49.1373,29,350044
26.74290713928572,23.7795,31,350044
45.60989918402777,45.2222,29,350044
3.6480713,4.2456,30,350044
40.65020132142857,39.059,29,350044
17.6344,17.9013,38,350044
40.77703990625,42.4591,30,350044
31.18555166666667,31.8081,31,350044
23.591217,24.2944,30,350044
44.18619714285715,44.0808,37,350044
30.064423850000004,31.8049,30,350044
47.55423513258928,47.2722,30,350044
23.062394125,24.6033,29,350044
28.70099925,28.7727,30,350044
53.61766500198412,54.9928,29,350044
26.02329458928572,25.7893,31,350044
40.76371564261364,40.2887,29,350044
14.076477,14.0419,31,350044
9.79306025,9.0364,29,350044
54.070795284668456,51.6207,31,350044
23.044281,24.1289,30,350044
44.79141752440477,45.83,30,350044
19.5126645,20.509,30,350044
43.94718738392857,45.9095,31,350044
31.048715460714288,31.5337,29,350044
28.0686035,27.1516,31,350044
30.31816172916667,30.7444,30,350044
21.4395612393544,33.9695,31,350044
16.458872666666664,18.7653,29,350044
13.216970000000002,12.9142,31,350044
28.3395474125,29.1945,29,350044
55.0838691721591,54.3811,30,350044
37.18460733333334,39.5603,30,350044
10.1947935,10.1079,31,350044
46.73793839772727,46.6686,29,350044
37.36179618571429,40.214,31,350044
54.47337255208333,56.831,30,350044
25.582595875000003,26.6042,31,350044
19.09768431875,19.1297,29,350044
51.42176127857143,54.7933,31,350044
39.55308499368687,39.9532,30,350044
32.75301264535256,33.5045,31,350044
56.25412305750775,57.4898,30,350044
46.42679405208334,45.7061,31,350044
43.15663974175824,43.7736,29,350044
25.3167531,26.2817,31,350044
58.6518399768648,57.9375,29,350044
33.7391815,35.2811,31,350044
11.685547,10.6457,30,350044
38.41577956845238,37.9919,39,350044
31.459916433333333,31.629,30,350044
54.73206257272727,51.6276,31,350044
52.22514489248252,52.7224,37,350044
19.055409722222223,18.2241,31,350044
38.00111158333333,38.0117,29,350044
20.371948,20.4459,30,350044
23.100901333333336,23.1179,29,350044
56.375877184561965,58.0818,30,350044
11.362874499999998,13.3563,29,350044
46.30327360803571,47.9962,31,350044
20.655695925,19.2226,30,350044
53.38330638474025,54.3761,31,350044
49.24769795912698,51.1179,30,350044
58.84156803373016,61.4591,31,350044
44.32255130753968,46.4667,38,350044
3.1586646925000004,6.4822,31,350044
34.91544175,31.1165,29,350044
54.59598534126984,56.5733,38,350044
46.1912483234127,45.9737,30,350044
34.254999833333336,31.6058,29,350044
30.676814396875,26.8414,29,350044
57.00963822083334,59.4905,30,350044
22.928586375,21.7986,29,350044
12.115036,13.4468,31,350044
36.56411659592491,37.9427,30,350044
30.760728192857144,33.8746,31,350044
24.909023428571427,27.4154,30,350044
34.86818164628427,37.604,31,350044
32.2125147,32.5973,29,350044
16.94553135,17.4141,31,350044
21.567199666666667,21.9519,30,350044
44.93780524166667,44.8839,31,350044
55.91355266597222,57.2182,30,350044
33.511642499999994,33.1212,30,350044
40.31556189166666,41.1967,29,350044
30.200615361904767,28.6431,31,350044
43.54724288068181,46.6826,29,350044
48.21195704761905,51.3133,30,350044
12.040568062499998,12.1384,29,350044
55.45572576327839,56.6352,31,350044
-2.21302795,-2.0671,29,350044
17.676006,20.7196,32,350044
48.16503870259741,50.646,36,350044
20.0819512125,21.1201,31,350044
40.94535318055556,41.3586,29,350044
31.435694275,32.3054,30,350044
42.014180333333336,42.2588,30,350044
45.584747775,45.6338,30,350044
47.7504598,47.821,30,350044
16.6075895,17.7294,30,350044
49.67428161057693,50.5864,29,350044
40.88481885833333,43.2341,30,350044
48.04989987589286,48.3121,30,350044
21.89865616666667,22.7975,30,350044
42.78838374545455,42.9804,30,350044
59.04968500297619,56.0977,31,350044
59.84426199633699,60.8142,36,350044
49.3725588343254,50.3601,31,350044
57.11182001575855,53.9711,29,350044
47.40764051309524,51.0618,31,350044
46.856074163461535,52.0918,29,350044
54.687450574179294,53.8765,31,350044
15.5205075,17.0424,30,350044
50.08088742321428,45.4993,31,350044
52.79031301483586,55.5421,30,350044
24.785719230357145,26.5498,30,350044
38.0343284375,38.2077,28,350044
30.006302,30.8391,30,350044
53.87852055391484,55.6117,29,350044
12.047037666666666,12.8876,31,350044
37.867846517857146,36.5024,37,350044
15.791172104166666,18.9307,31,350044
26.526731027380954,27.0738,29,350044
50.81987938358586,50.3609,31,350044
48.14481049921218,51.5447,29,350044
59.147009629464286,58.7924,31,350044
32.60132095833333,29.7238,29,350044
16.69102075,18.7122,31,350044
37.37845747916667,39.6945,29,350044
45.89277190922619,48.2096,30,350044
53.369799931410256,53.2543,30,350044
48.24004719711539,47.0158,30,350044
21.46012125,20.029,30,350044
13.540329,12.9328,31,350044
46.9991693375,49.2962,29,350044
33.207008238095234,33.0365,38,350044
15.555611833333334,16.6838,29,350044
45.75572606439394,47.1876,31,350044
21.234954441666662,23.1129,29,350044
45.91242559974747,45.4747,38,350044
-1.5337219,-0.8853,30,350044
57.13224214067142,56.7845,32,350044
41.67870902083333,37.6774,29,350044
36.231167851488095,31.5916,31,350044
18.2026825,18.7705,30,350044
43.044958204212456,44.8106,31,350044
33.619355581349204,37.2996,29,350044
52.37289710416667,54.7036,31,350044
30.559269815934066,29.6765,29,350044
56.41229463162879,51.1705,31,350044
31.108097,33.0543,30,350044
57.90398704285714,56.3401,30,350044
16.3932495,17.4853,30,350044
20.518799,22.4569,29,350044
29.02521730625,33.3247,29,350044
29.14984133333333,28.7484,31,350044
17.501357133333332,17.0827,30,350044
24.3710175,25.075,31,350044
46.75369185542929,47.0347,30,350044
60.1331892547619,55.011,30,350044
37.51417,39.1333,30,350044
22.97919040833333,23.8217,31,350044
56.05976886917017,57.2123,30,350044
53.52927245,52.2322,31,350044
31.063286041666665,29.8099,30,350044
5.4699896625,6.6563,30,350044
25.14123183333333,21.6028,30,350044
48.45052373611111,50.0404,30,350044
61.239369582292696,61.6098,29,350044
12.181701666666669,12.6598,31,350044
53.65587726785714,54.3023,30,350044
56.336075123015874,60.7487,31,350044
26.14244326488096,26.9471,29,350044
42.46190756597222,42.3421,31,350044
31.56464947222222,33.2686,30,350044
27.121008425,26.4723,39,350044
52.35869842534722,53.7551,30,350044
12.49115,13.6174,31,350044
35.48514075202021,34.905,29,350044
18.286717729166668,20.3514,30,350044
16.3101081875,17.0922,29,350044
52.521992325,51.4583,30,350044
35.02024615625,37.7761,29,350044
21.06885766666667,21.5096,31,350044
10.990708177777778,10.9292,30,350044
14.484084669642858,12.0079,31,350044
33.54820404583333,32.1832,29,350044
5.7418822,4.9334,31,350044
29.90834033333333,29.5893,29,350044
43.16858355714286,44.7554,30,350044
19.32872702083333,21.0811,28,350044
50.66404166666667,49.6687,31,350044
45.13042986120129,45.3547,30,350044
38.092515901709405,37.9353,31,350044
51.03922353750001,48.8427,29,350044
48.147623270698055,48.1783,31,350044
45.52043044007936,42.9282,36,350044
47.71427897954546,50.1703,30,350044
41.08355470032468,41.1026,29,350044
23.570371166666664,26.2605,30,350044
13.839351541666666,14.6114,30,350044
25.004906325,24.74,29,350044
28.68574482698135,28.4547,29,350044
22.30322664583333,23.4197,31,350044
47.68368256448413,46.8473,29,350044
9.8553775,8.9238,31,350044
37.66763235416666,38.2131,29,350044
47.42016077876984,51.4339,31,350044
10.0968475,9.2455,29,350044
33.72129366666667,33.4356,31,350044
54.12474663131313,55.9342,30,350044
23.925912125000004,25.7623,31,350044
10.406337625,10.6973,29,350044
13.2118810625,12.3902,31,350044
53.80419228958333,53.4568,29,350044
35.49477125,38.7494,31,350044
28.32377628017677,24.2176,30,350044
30.0974124275641,31.935,31,350044
33.08912480476191,34.0927,29,350044
22.892135465097404,23.2399,30,350044
45.20654605075757,47.4107,29,350044
35.397603008333334,34.6357,29,350044
31.69743599259259,28.8334,30,350044
27.036194,27.4191,31,350044
57.34989559814561,57.6541,30,350044
51.28548911471688,50.9889,31,350044
34.29975832291667,35.7779,30,350044
46.82913084090909,45.4234,31,350044
51.92317701388889,54.4306,30,350044
48.97725484623015,50.2879,31,350044
21.462637010416667,20.8769,30,350044
36.01866101832108,39.2816,30,350044
16.30857075,17.2429,29,350044
51.569005385732325,51.4782,31,350044
50.07728969890873,48.9941,30,350044
44.1876474312996,44.7057,30,350044
36.15028325,38.1456,30,350044
57.87419679729992,57.3288,31,350044
42.44301470555556,43.9197,30,350044
17.879537674242425,20.0512,31,350044
54.55433239761905,56.0047,30,350044
1.4987386,2.1635,31,350044
24.65083751666667,25.5276,29,350044
32.36435345833333,32.8586,31,350044
29.55399606547619,30.7006,29,350044
36.22202670833333,34.3446,31,350044
16.985041825,17.8515,30,350044
23.76322923958333,23.315,31,350044
19.475235,20.9237,30,350044
34.0847945,32.5295,31,350044
54.292444965584416,54.3191,29,350044
43.17150516698233,41.348,31,350044
22.086044375,21.6176,29,350044
58.713353637019225,58.1468,31,350044
56.38985830208334,56.9336,29,350044
33.37963679166666,35.4037,30,350044
17.556085455555557,17.0981,30,350044
51.011383375,50.3953,30,350044
32.712434001587305,31.8943,29,350044
41.52940168452381,41.5223,30,350044
48.99070200882353,48.8537,30,350044
42.49370672777778,43.6048,31,350044
50.54310520238095,51.2311,30,350044
12.725464,11.7481,37,350044
54.19037117207792,54.4531,29,350044
12.8072205,12.8791,31,350044
29.682471975,29.6768,29,350044
52.65747644999999,54.8898,31,350044
48.515089688095244,52.1383,29,350044
39.89117927185315,40.1569,31,350044
34.69486722053571,36.2621,29,350044
22.77167370833333,22.5706,30,350044
46.470183584126985,45.6917,30,350044
4.5282084,4.8068,31,350044
41.368115869047614,41.9299,30,350044
30.8152038375,28.1512,30,350044
38.47733641369047,38.5214,28,350044
37.39090212639651,37.1773,30,350044
24.832779,25.4405,30,350044
1.20251465,1.0249,30,350044
30.71099232083333,30.1479,30,350044
15.075551333333337,16.0539,31,350044
52.14514844662698,51.975,29,350044
49.88047140606061,51.9469,31,350044
9.315033,9.8092,29,350044
31.238842245535714,29.9602,31,350044
48.722637173737375,49.8199,30,350044
23.8769150625,23.9418,30,350044
7.671702000000001,6.3629,30,350044
39.65600229166667,39.7048,31,350044
21.870258375,22.5706,29,350044
16.98901023333333,17.4638,31,350044
52.63255377857142,53.6855,30,350044
45.53602958428031,45.1588,31,350044
52.39597501984127,52.9307,30,350044
38.1775969981685,38.1872,31,350044
21.219185658730154,20.6374,29,350044
21.733307,21.3347,30,350044
11.472015,10.39,29,350044
27.226547558469303,28.1201,31,350044
21.994124475,21.9657,30,350044
37.338162116666666,40.253,31,350044
9.213776,10.0991,29,350044
17.14747375,18.6795,31,350044
31.34995247773109,31.6086,29,350044
13.710022,14.3134,29,350044
45.93638140638528,49.8047,30,350044
50.26363515277778,51.05,30,350044
16.65373124583333,21.1258,30,350044
16.3129242875,16.1242,31,350044
46.04098020359849,46.9526,29,350044
33.52000425,34.2454,31,350044
48.77967681746031,49.2399,29,350044
36.22388361458333,38.4098,30,350044
32.19126803392094,31.975,29,350044
36.76556167582417,33.3576,31,350044
50.52186171825397,52.8022,30,350044
60.6747116625,61.3416,30,350044
29.84888474038461,30.4887,29,350044
36.985362833333326,38.8479,30,350044
52.18070701420454,52.3969,28,350044
35.15893985416666,34.7937,31,350044
43.291539416666666,44.1931,29,350044
56.16691392708333,56.1099,31,350044
47.05517428125,47.1461,29,350044
31.194742833333336,31.1889,30,350044
49.666322154545455,50.0862,30,350044
55.905078052777775,57.9908,30,350044
45.60879575674325,45.0464,29,350044
49.71173503787878,50.3513,30,350044
45.92491550374625,48.4968,29,350044
60.68061856071428,62.9737,31,350044
18.48545417063492,22.9473,30,350044
35.84876420535714,31.92,30,350044
50.09152144189471,51.8118,30,350044
52.10658977698413,52.4974,30,350044
13.067764250000002,12.0525,30,350044
7.3300476,8.2987,30,350044
21.277115660714287,22.7985,30,350044
48.29614711805555,46.1083,29,350044
56.5807385232684,58.7502,29,350044
15.8072735,14.1199,31,350044
54.98014093192641,55.5511,30,350044
53.96795225833333,55.134,30,350044
46.78365631049783,49.7664,30,350044
39.33538895972222,41.8212,31,350044
61.26886678636364,62.1014,29,350044
57.59636534027778,58.5729,31,350044
52.24823679035895,53.806,30,350044
18.425964375,19.8753,31,350044
45.627289602272725,47.5042,29,350044
36.99688094826007,36.7701,30,350044
50.46217250795455,49.7454,29,350044
38.95412883571428,38.4747,31,350044
33.464792,32.8799,30,350044
27.01478583333333,26.0209,30,350044
43.20962267361111,40.1027,30,350044
39.18201191666667,38.9664,30,350044
28.5095775,27.9657,30,350044
