hidden_size,source,target,seed,transfer_mae,scratch_mae,gain
16,CO,FL,0,2.0058274269104004,1.9800353050231934,-0.02579212188720703
16,CO,FL,1,5.764669895172119,5.323490619659424,-0.4411792755126953
16,CO,FL,2,2.9193732738494873,2.6122682094573975,-0.30710506439208984
16,CO,FL,3,2.4829466342926025,2.8688721656799316,0.3859255313873291
16,CO,FL,4,2.706657886505127,2.4958693981170654,-0.21078848838806152
16,CO,FL,5,2.3674750328063965,2.188056707382202,-0.17941832542419434
16,CO,FL,6,2.27423095703125,1.8999611139297485,-0.37426984310150146
16,CO,FL,7,2.207413911819458,1.921884536743164,-0.28552937507629395
16,CO,FL,8,3.205822706222534,3.848072052001953,0.642249345779419
16,CO,FL,9,2.272228479385376,2.097836971282959,-0.174391508102417
16,CO,OR,0,2.0154104232788086,2.17203688621521,0.15662646293640137
16,CO,OR,1,1.689610242843628,1.6190916299819946,-0.0705186128616333
16,CO,OR,2,1.5117449760437012,1.5176301002502441,0.005885124206542969
16,CO,OR,3,2.240030288696289,2.3048014640808105,0.06477117538452148
16,CO,OR,4,1.599915623664856,2.4337878227233887,0.8338721990585327
16,CO,OR,5,1.6231012344360352,1.6987018585205078,0.07560062408447266
16,CO,OR,6,1.8395607471466064,2.036520481109619,0.1969597339630127
16,CO,OR,7,2.758805751800537,1.7793598175048828,-0.9794459342956543
16,CO,OR,8,2.450517177581787,2.601433038711548,0.15091586112976074
16,CO,OR,9,1.786373496055603,2.1102705001831055,0.32389700412750244
16,FL,CO,0,2.412713050842285,2.2081308364868164,-0.20458221435546875
16,FL,CO,1,3.669896364212036,2.577950954437256,-1.0919454097747803
16,FL,CO,2,3.1051812171936035,2.265197992324829,-0.8399832248687744
16,FL,CO,3,2.322000503540039,2.1867125034332275,-0.13528800010681152
16,FL,CO,4,3.0008437633514404,2.104059934616089,-0.8967838287353516
16,FL,CO,5,3.4742841720581055,2.2153260707855225,-1.258958101272583
16,FL,CO,6,2.5690159797668457,2.1863369941711426,-0.3826789855957031
16,FL,CO,7,2.576798439025879,2.3110177516937256,-0.2657806873321533
16,FL,CO,8,2.3979289531707764,2.8914365768432617,0.49350762367248535
16,FL,CO,9,2.282301187515259,2.2003042697906494,-0.08199691772460938
16,FL,OR,0,2.4866116046905518,2.2558505535125732,-0.23076105117797852
16,FL,OR,1,1.6547867059707642,1.7554197311401367,0.10063302516937256
16,FL,OR,2,2.5969974994659424,1.5701992511749268,-1.0267982482910156
16,FL,OR,3,2.0357775688171387,2.65146803855896,0.6156904697418213
16,FL,OR,4,2.06752347946167,1.8160791397094727,-0.25144433975219727
16,FL,OR,5,1.9738564491271973,1.7242913246154785,-0.24956512451171875
16,FL,OR,6,2.5313236713409424,3.493555784225464,0.9622321128845215
16,FL,OR,7,3.5247528553009033,2.9489524364471436,-0.5758004188537598
16,FL,OR,8,2.7117090225219727,2.4030234813690186,-0.3086855411529541
16,FL,OR,9,2.1771240234375,1.7749513387680054,-0.40217268466949463
16,OR,CO,0,2.884066581726074,2.1912643909454346,-0.6928021907806396
16,OR,CO,1,3.273494243621826,2.298149585723877,-0.9753446578979492
16,OR,CO,2,3.7024526596069336,3.2403464317321777,-0.46210622787475586
16,OR,CO,3,2.020956516265869,2.166107654571533,0.14515113830566406
16,OR,CO,4,2.777289867401123,2.0936760902404785,-0.6836137771606445
16,OR,CO,5,7.064924716949463,2.222238540649414,-4.842686176300049
16,OR,CO,6,2.706824779510498,2.1728391647338867,-0.5339856147766113
16,OR,CO,7,2.332880735397339,2.2611544132232666,-0.07172632217407227
16,OR,CO,8,2.456796407699585,3.4340240955352783,0.9772276878356934
16,OR,CO,9,2.1093835830688477,2.0280542373657227,-0.081329345703125
16,OR,FL,0,1.8671236038208008,1.9598945379257202,0.09277093410491943
16,OR,FL,1,4.527538299560547,6.127363204956055,1.5998249053955078
16,OR,FL,2,2.4447503089904785,2.663388967514038,0.21863865852355957
16,OR,FL,3,2.4319403171539307,2.895087718963623,0.4631474018096924
16,OR,FL,4,2.7100830078125,2.717341661453247,0.00725865364074707
16,OR,FL,5,2.235264539718628,2.514397621154785,0.2791330814361572
16,OR,FL,6,2.2007572650909424,2.073903799057007,-0.12685346603393555
16,OR,FL,7,1.9385828971862793,2.055020332336426,0.11643743515014648
16,OR,FL,8,3.140023946762085,3.0600574016571045,-0.07996654510498047
16,OR,FL,9,2.6696510314941406,2.616126537322998,-0.05352449417114258
32,CO,FL,0,2.0063316822052,1.982612133026123,-0.02371954917907715
32,CO,FL,1,4.594299793243408,7.752132415771484,3.157832622528076
32,CO,FL,2,2.018185615539551,1.7922519445419312,-0.22593367099761963
32,CO,FL,3,2.594083309173584,2.3444387912750244,-0.24964451789855957
32,CO,FL,4,3.2116782665252686,2.6831212043762207,-0.5285570621490479
32,CO,FL,5,2.2022266387939453,2.0852015018463135,-0.11702513694763184
32,CO,FL,6,2.7138514518737793,1.9380803108215332,-0.7757711410522461
32,CO,FL,7,2.3801956176757812,2.02626371383667,-0.35393190383911133
32,CO,FL,8,3.5412404537200928,3.3706085681915283,-0.17063188552856445
32,CO,FL,9,1.9965659379959106,2.252652168273926,0.25608623027801514
32,CO,OR,0,1.884023666381836,2.288158416748047,0.40413475036621094
32,CO,OR,1,1.7940921783447266,1.4835180044174194,-0.31057417392730713
32,CO,OR,2,1.7845759391784668,1.5384085178375244,-0.24616742134094238
32,CO,OR,3,2.5197789669036865,2.4595024585723877,-0.06027650833129883
32,CO,OR,4,3.4560747146606445,2.014244794845581,-1.4418299198150635
32,CO,OR,5,1.8252938985824585,1.6199729442596436,-0.20532095432281494
32,CO,OR,6,3.0667154788970947,5.2587385177612305,2.1920230388641357
32,CO,OR,7,3.853487253189087,3.1545605659484863,-0.6989266872406006
32,CO,OR,8,2.711066246032715,2.737990140914917,0.02692389488220215
32,CO,OR,9,2.527981758117676,2.6149632930755615,0.08698153495788574
32,FL,CO,0,3.711533308029175,2.8433592319488525,-0.8681740760803223
32,FL,CO,1,3.099865198135376,2.536935567855835,-0.562929630279541
32,FL,CO,2,4.097724437713623,2.835890293121338,-1.2618341445922852
32,FL,CO,3,2.355419874191284,2.1353659629821777,-0.22005391120910645
32,FL,CO,4,3.3439815044403076,2.105048894882202,-1.2389326095581055
32,FL,CO,5,5.925184726715088,2.246079683303833,-3.679105043411255
32,FL,CO,6,4.465751647949219,2.192131757736206,-2.2736198902130127
32,FL,CO,7,2.62351655960083,2.3353068828582764,-0.2882096767425537
32,FL,CO,8,2.637486696243286,3.991379976272583,1.3538932800292969
32,FL,CO,9,2.206021308898926,2.0367584228515625,-0.16926288604736328
32,FL,OR,0,2.78598690032959,2.1845338344573975,-0.6014530658721924
32,FL,OR,1,1.6455961465835571,1.7283129692077637,0.08271682262420654
32,FL,OR,2,1.9686487913131714,1.9009337425231934,-0.06771504878997803
32,FL,OR,3,2.384199619293213,2.6282196044921875,0.2440199851989746
32,FL,OR,4,1.917502760887146,1.9256134033203125,0.008110642433166504
32,FL,OR,5,1.8545042276382446,1.732776403427124,-0.1217278242111206
32,FL,OR,6,1.8724007606506348,4.140248775482178,2.267848014831543
32,FL,OR,7,2.8436124324798584,3.9066250324249268,1.0630125999450684
32,FL,OR,8,2.455496072769165,2.4248199462890625,-0.03067612648010254
32,FL,OR,9,1.474928617477417,2.027940273284912,0.5530116558074951
32,OR,CO,0,3.714622735977173,3.131025791168213,-0.58359694480896
32,OR,CO,1,3.608970880508423,2.7022392749786377,-0.9067316055297852
32,OR,CO,2,4.885801792144775,4.324599266052246,-0.5612025260925293
32,OR,CO,3,2.0554656982421875,2.163098096847534,0.10763239860534668
32,OR,CO,4,3.645761728286743,2.115345001220703,-1.53041672706604
32,OR,CO,5,5.397298336029053,3.7121739387512207,-1.685124397277832
32,OR,CO,6,4.942313194274902,2.199925422668457,-2.7423877716064453
32,OR,CO,7,2.7954540252685547,2.2023978233337402,-0.5930562019348145
32,OR,CO,8,2.7354681491851807,4.133517742156982,1.3980495929718018
32,OR,CO,9,2.085008382797241,2.0262088775634766,-0.05879950523376465
32,OR,FL,0,1.9574213027954102,1.9069987535476685,-0.0504225492477417
32,OR,FL,1,3.4793975353240967,5.488011837005615,2.0086143016815186
32,OR,FL,2,1.905974268913269,1.8482595682144165,-0.05771470069885254
32,OR,FL,3,2.5821006298065186,2.7705085277557373,0.18840789794921875
32,OR,FL,4,2.8668510913848877,3.0513815879821777,0.18453049659729004
32,OR,FL,5,2.6877920627593994,3.5387392044067383,0.8509471416473389
32,OR,FL,6,1.951156735420227,1.944685697555542,-0.006471037864685059
32,OR,FL,7,1.9499047994613647,2.0027811527252197,0.05287635326385498
32,OR,FL,8,2.973327159881592,3.059081792831421,0.0857546329498291
32,OR,FL,9,2.65162992477417,3.1606457233428955,0.5090157985687256
64,CO,FL,0,2.0254764556884766,2.044719696044922,0.019243240356445312
64,CO,FL,1,3.921217918395996,6.460201740264893,2.5389838218688965
64,CO,FL,2,2.930330991744995,1.7745038270950317,-1.1558271646499634
64,CO,FL,3,2.5740747451782227,2.3315353393554688,-0.2425394058227539
64,CO,FL,4,3.037574529647827,2.64107608795166,-0.396498441696167
64,CO,FL,5,2.78947377204895,2.222154140472412,-0.5673196315765381
64,CO,FL,6,2.5219061374664307,1.9581822156906128,-0.5637239217758179
64,CO,FL,7,2.7182021141052246,2.1083271503448486,-0.609874963760376
64,CO,FL,8,4.1112213134765625,3.244194507598877,-0.8670268058776855
64,CO,FL,9,2.0088117122650146,2.1956264972686768,0.1868147850036621
64,CO,OR,0,1.8559057712554932,2.2613091468811035,0.40540337562561035
64,CO,OR,1,1.7337883710861206,1.5995914936065674,-0.13419687747955322
64,CO,OR,2,1.5661914348602295,1.449466586112976,-0.11672484874725342
64,CO,OR,3,1.7926427125930786,2.030465841293335,0.23782312870025635
64,CO,OR,4,1.7643376588821411,1.617982029914856,-0.14635562896728516
64,CO,OR,5,1.6410503387451172,1.6010868549346924,-0.039963483810424805
64,CO,OR,6,2.2855889797210693,3.671736001968384,1.3861470222473145
64,CO,OR,7,1.6606403589248657,1.8126780986785889,0.15203773975372314
64,CO,OR,8,2.606762170791626,2.696002960205078,0.08924078941345215
64,CO,OR,9,1.66044020652771,2.710268259048462,1.049828052520752
64,FL,CO,0,3.0645878314971924,2.123059034347534,-0.9415287971496582
64,FL,CO,1,4.3484296798706055,2.222961187362671,-2.1254684925079346
64,FL,CO,2,4.290520191192627,6.693356990814209,2.402836799621582
64,FL,CO,3,2.6046862602233887,2.1389224529266357,-0.46576380729675293
64,FL,CO,4,3.2504732608795166,2.088494062423706,-1.1619791984558105
64,FL,CO,5,5.3894453048706055,2.912693738937378,-2.4767515659332275
64,FL,CO,6,2.8959105014801025,3.12870192527771,0.23279142379760742
64,FL,CO,7,4.807682991027832,2.2474379539489746,-2.5602450370788574
64,FL,CO,8,3.0014734268188477,2.192262649536133,-0.8092107772827148
64,FL,CO,9,2.5002777576446533,2.1804068088531494,-0.3198709487915039
64,FL,OR,0,2.4550578594207764,2.3355069160461426,-0.11955094337463379
64,FL,OR,1,2.2634007930755615,1.8227615356445312,-0.4406392574310303
64,FL,OR,2,3.1561625003814697,1.6381586790084839,-1.5180038213729858
64,FL,OR,3,2.624166250228882,2.4029955863952637,-0.22117066383361816
64,FL,OR,4,1.8268264532089233,1.596232295036316,-0.23059415817260742
64,FL,OR,5,2.1418426036834717,1.8063685894012451,-0.33547401428222656
64,FL,OR,6,2.380384683609009,2.856318950653076,0.4759342670440674
64,FL,OR,7,3.7609879970550537,1.8582431077957153,-1.9027448892593384
64,FL,OR,8,2.7100841999053955,2.4105937480926514,-0.29949045181274414
64,FL,OR,9,2.635148286819458,1.897748351097107,-0.7373999357223511
64,OR,CO,0,2.536261796951294,2.114039182662964,-0.4222226142883301
64,OR,CO,1,3.3078770637512207,2.916980028152466,-0.3908970355987549
64,OR,CO,2,5.8285417556762695,4.958606719970703,-0.8699350357055664
64,OR,CO,3,2.0767438411712646,2.1234023571014404,0.04665851593017578
64,OR,CO,4,2.7001750469207764,3.2210891246795654,0.5209140777587891
64,OR,CO,5,5.363925933837891,3.895231008529663,-1.4686949253082275
64,OR,CO,6,2.8489320278167725,3.435167074203491,0.5862350463867188
64,OR,CO,7,2.8007137775421143,2.4928719997406006,-0.30784177780151367
64,OR,CO,8,3.026270627975464,2.211834192276001,-0.8144364356994629
64,OR,CO,9,2.0678036212921143,1.988276481628418,-0.07952713966369629
64,OR,FL,0,1.9209421873092651,1.954580545425415,0.0336383581161499
64,OR,FL,1,4.234592914581299,6.204139232635498,1.9695463180541992
64,OR,FL,2,2.099142074584961,1.9622502326965332,-0.13689184188842773
64,OR,FL,3,3.035036563873291,2.8934431076049805,-0.14159345626831055
64,OR,FL,4,3.217770576477051,2.5015077590942383,-0.7162628173828125
64,OR,FL,5,3.057887554168701,2.0047733783721924,-1.0531141757965088
64,OR,FL,6,2.600562810897827,1.96720552444458,-0.6333572864532471
64,OR,FL,7,2.4491302967071533,2.2507381439208984,-0.19839215278625488
64,OR,FL,8,3.641767978668213,4.35543966293335,0.7136716842651367
64,OR,FL,9,2.683339834213257,2.5836739540100098,-0.09966588020324707
128,CO,FL,0,2.00299334526062,1.9739705324172974,-0.029022812843322754
128,CO,FL,1,4.4841485023498535,6.823235034942627,2.3390865325927734
128,CO,FL,2,2.1467182636260986,1.8758310079574585,-0.27088725566864014
128,CO,FL,3,2.60776424407959,2.750154733657837,0.14239048957824707
128,CO,FL,4,2.8023648262023926,2.887568473815918,0.08520364761352539
128,CO,FL,5,2.8924648761749268,3.4146342277526855,0.5221693515777588
128,CO,FL,6,2.120011806488037,1.9108333587646484,-0.20917844772338867
128,CO,FL,7,2.2008957862854004,2.556337356567383,0.3554415702819824
128,CO,FL,8,4.12443733215332,4.717067718505859,0.5926303863525391
128,CO,FL,9,2.5560755729675293,2.2403807640075684,-0.31569480895996094
128,CO,OR,0,2.0182201862335205,2.0717430114746094,0.05352282524108887
128,CO,OR,1,1.5200302600860596,1.591551661491394,0.07152140140533447
128,CO,OR,2,1.565366506576538,1.5817674398422241,0.016400933265686035
128,CO,OR,3,2.3711097240448,2.5400683879852295,0.1689586639404297
128,CO,OR,4,2.4648237228393555,2.8595848083496094,0.3947610855102539
128,CO,OR,5,1.548057198524475,1.6961246728897095,0.14806747436523438
128,CO,OR,6,6.135591506958008,5.187527179718018,-0.9480643272399902
128,CO,OR,7,4.349637031555176,7.677243709564209,3.327606678009033
128,CO,OR,8,2.656712532043457,2.6386990547180176,-0.018013477325439453
128,CO,OR,9,2.2461538314819336,2.351236343383789,0.10508251190185547
128,FL,CO,0,2.9518239498138428,3.336521863937378,0.38469791412353516
128,FL,CO,1,4.790043830871582,2.726689100265503,-2.063354730606079
128,FL,CO,2,6.930604457855225,2.9386444091796875,-3.991960048675537
128,FL,CO,3,2.6378636360168457,2.1482791900634766,-0.48958444595336914
128,FL,CO,4,3.178795337677002,2.1726369857788086,-1.0061583518981934
128,FL,CO,5,5.550387382507324,7.357104778289795,1.8067173957824707
128,FL,CO,6,2.9461722373962402,3.0496528148651123,0.10348057746887207
128,FL,CO,7,4.836015701293945,2.21838641166687,-2.617629289627075
128,FL,CO,8,3.345445156097412,2.5924229621887207,-0.7530221939086914
128,FL,CO,9,2.603039503097534,2.123627185821533,-0.479412317276001
128,FL,OR,0,2.635399103164673,2.4547061920166016,-0.1806929111480713
128,FL,OR,1,2.229548454284668,1.744471549987793,-0.485076904296875
128,FL,OR,2,2.8647360801696777,1.7432748079299927,-1.121461272239685
128,FL,OR,3,2.427600622177124,2.6062278747558594,0.17862725257873535
128,FL,OR,4,2.716130256652832,2.035689353942871,-0.6804409027099609
128,FL,OR,5,2.4810428619384766,1.8518636226654053,-0.6291792392730713
128,FL,OR,6,2.2901153564453125,3.302654981613159,1.0125396251678467
128,FL,OR,7,5.608550548553467,4.2830424308776855,-1.3255081176757812
128,FL,OR,8,3.027446985244751,2.6674909591674805,-0.3599560260772705
128,FL,OR,9,3.2490100860595703,1.966975450515747,-1.2820346355438232
128,OR,CO,0,3.743802785873413,3.957862615585327,0.21405982971191406
128,OR,CO,1,3.558767795562744,2.9288229942321777,-0.6299448013305664
128,OR,CO,2,4.054714202880859,10.801661491394043,6.746947288513184
128,OR,CO,3,2.4176688194274902,2.7232534885406494,0.3055846691131592
128,OR,CO,4,3.0027379989624023,3.0365407466888428,0.03380274772644043
128,OR,CO,5,4.296320915222168,8.74876880645752,4.452447891235352
128,OR,CO,6,3.428124189376831,2.9322636127471924,-0.49586057662963867
128,OR,CO,7,3.1986196041107178,2.3520848751068115,-0.8465347290039062
128,OR,CO,8,4.121161460876465,8.153752326965332,4.032590866088867
128,OR,CO,9,2.1215035915374756,2.0854079723358154,-0.036095619201660156
128,OR,FL,0,2.1029295921325684,1.9370373487472534,-0.16589224338531494
128,OR,FL,1,2.366920232772827,7.658461093902588,5.291540861129761
128,OR,FL,2,2.2571828365325928,2.0109875202178955,-0.24619531631469727
128,OR,FL,3,2.529179096221924,2.888033628463745,0.3588545322418213
128,OR,FL,4,2.669382095336914,2.4969098567962646,-0.17247223854064941
128,OR,FL,5,3.094730854034424,3.7903897762298584,0.6956589221954346
128,OR,FL,6,2.5665276050567627,1.952789545059204,-0.6137380599975586
128,OR,FL,7,1.9653511047363281,2.167100191116333,0.20174908638000488
128,OR,FL,8,3.6064460277557373,4.515351295471191,0.9089052677154541
128,OR,FL,9,2.440239667892456,2.9121928215026855,0.4719531536102295
256,CO,FL,0,2.008918285369873,1.9817790985107422,-0.02713918685913086
256,CO,FL,1,4.456701278686523,5.459891319274902,1.003190040588379
256,CO,FL,2,2.1690797805786133,1.863847255706787,-0.30523252487182617
256,CO,FL,3,2.702660322189331,2.660290002822876,-0.04237031936645508
256,CO,FL,4,2.9815425872802734,2.529005765914917,-0.45253682136535645
256,CO,FL,5,2.3791661262512207,2.4992482662200928,0.12008213996887207
256,CO,FL,6,2.3127033710479736,1.908327341079712,-0.4043760299682617
256,CO,FL,7,2.220831871032715,2.4149696826934814,0.1941378116607666
256,CO,FL,8,4.3311357498168945,4.418285846710205,0.08715009689331055
256,CO,FL,9,2.1298160552978516,2.308069944381714,0.1782538890838623
256,CO,OR,0,2.1746785640716553,2.12988018989563,-0.04479837417602539
256,CO,OR,1,1.7075953483581543,1.6054805517196655,-0.10211479663848877
256,CO,OR,2,1.4838581085205078,1.4155688285827637,-0.06828927993774414
256,CO,OR,3,2.7986338138580322,2.6189124584198,-0.17972135543823242
256,CO,OR,4,2.3214914798736572,1.7628763914108276,-0.5586150884628296
256,CO,OR,5,1.675361156463623,1.6534714698791504,-0.021889686584472656
256,CO,OR,6,3.9329373836517334,5.269850254058838,1.3369128704071045
256,CO,OR,7,1.826084017753601,2.3956832885742188,0.5695992708206177
256,CO,OR,8,2.676323652267456,2.597541570663452,-0.0787820816040039
256,CO,OR,9,1.8611650466918945,2.4785733222961426,0.617408275604248
256,FL,CO,0,3.615276336669922,4.826249599456787,1.2109732627868652
256,FL,CO,1,4.034035682678223,3.8750524520874023,-0.1589832305908203
256,FL,CO,2,3.4047012329101562,2.3836848735809326,-1.0210163593292236
256,FL,CO,3,2.892632007598877,2.0668954849243164,-0.8257365226745605
256,FL,CO,4,3.8032851219177246,3.203873634338379,-0.5994114875793457
256,FL,CO,5,3.8932278156280518,9.42988395690918,5.536656141281128
256,FL,CO,6,3.9975736141204834,4.129854679107666,0.13228106498718262
256,FL,CO,7,4.346722602844238,2.271350622177124,-2.0753719806671143
256,FL,CO,8,3.5115439891815186,3.3625240325927734,-0.14901995658874512
256,FL,CO,9,2.7044947147369385,2.196812629699707,-0.5076820850372314
256,FL,OR,0,2.8966548442840576,2.379929542541504,-0.5167253017425537
256,FL,OR,1,1.998879075050354,1.6830530166625977,-0.31582605838775635
256,FL,OR,2,2.0132761001586914,1.701991081237793,-0.31128501892089844
256,FL,OR,3,2.6541261672973633,1.9504518508911133,-0.70367431640625
256,FL,OR,4,2.030076026916504,1.8572039604187012,-0.17287206649780273
256,FL,OR,5,1.7798268795013428,1.9340533018112183,0.1542264223098755
256,FL,OR,6,1.868579387664795,9.05718994140625,7.188610553741455
256,FL,OR,7,2.717033863067627,5.560678958892822,2.8436450958251953
256,FL,OR,8,2.8571879863739014,2.6426830291748047,-0.21450495719909668
256,FL,OR,9,2.3067917823791504,1.9159997701644897,-0.39079201221466064
256,OR,CO,0,4.998865127563477,3.6300899982452393,-1.3687751293182373
256,OR,CO,1,2.8033287525177,4.092067718505859,1.2887389659881592
256,OR,CO,2,5.339806079864502,2.3741347789764404,-2.9656713008880615
256,OR,CO,3,2.4672133922576904,2.113152027130127,-0.3540613651275635
256,OR,CO,4,3.4969630241394043,5.726298809051514,2.2293357849121094
256,OR,CO,5,4.338311195373535,13.164237022399902,8.825925827026367
256,OR,CO,6,4.1221466064453125,5.230763912200928,1.1086173057556152
256,OR,CO,7,3.487854242324829,2.2587265968322754,-1.2291276454925537
256,OR,CO,8,3.7630369663238525,8.622380256652832,4.8593432903289795
256,OR,CO,9,2.370819568634033,3.2025487422943115,0.8317291736602783
256,OR,FL,0,2.1512234210968018,1.9189457893371582,-0.23227763175964355
256,OR,FL,1,2.3033852577209473,6.281603813171387,3.9782185554504395
256,OR,FL,2,2.009575128555298,2.0606276988983154,0.05105257034301758
256,OR,FL,3,3.318629741668701,2.563600778579712,-0.7550289630889893
256,OR,FL,4,2.5018417835235596,2.64640212059021,0.1445603370666504
256,OR,FL,5,2.2473058700561523,3.290458917617798,1.0431530475616455
256,OR,FL,6,2.657043218612671,1.9140855073928833,-0.7429577112197876
256,OR,FL,7,2.045191526412964,3.0772006511688232,1.0320091247558594
256,OR,FL,8,3.798649311065674,3.885498285293579,0.08684897422790527
256,OR,FL,9,2.815295457839966,2.5575625896453857,-0.2577328681945801
