N,seed,method,MAE,n_samples
1,0,A_Faiman+bias,3.367856025695801,60.0
1,0,B_Scratch_Res5f,3.2048275470733643,60.0
1,0,C_Pretrained_Res5f,2.6573898792266846,60.0
1,0,D_Pretrained_Std4f,2.318626642227173,60.0
1,1,A_Faiman+bias,5.173845291137695,60.0
1,1,B_Scratch_Res5f,5.69612979888916,60.0
1,1,C_Pretrained_Res5f,5.798004627227783,60.0
1,1,D_Pretrained_Std4f,3.6301591396331787,60.0
1,2,A_Faiman+bias,3.372018575668335,60.0
1,2,B_Scratch_Res5f,3.1204116344451904,60.0
1,2,C_Pretrained_Res5f,3.1866488456726074,60.0
1,2,D_Pretrained_Std4f,2.7787082195281982,60.0
1,3,A_Faiman+bias,3.6354990005493164,60.0
1,3,B_Scratch_Res5f,2.7530736923217773,60.0
1,3,C_Pretrained_Res5f,3.8339760303497314,60.0
1,3,D_Pretrained_Std4f,3.548204183578491,60.0
1,4,A_Faiman+bias,3.4010119438171387,60.0
1,4,B_Scratch_Res5f,2.9709339141845703,60.0
1,4,C_Pretrained_Res5f,3.112950086593628,60.0
1,4,D_Pretrained_Std4f,2.7833216190338135,60.0
1,5,A_Faiman+bias,3.80745267868042,60.0
1,5,B_Scratch_Res5f,3.50390625,60.0
1,5,C_Pretrained_Res5f,3.936225414276123,60.0
1,5,D_Pretrained_Std4f,3.6662228107452393,60.0
1,6,A_Faiman+bias,3.5186214447021484,60.0
1,6,B_Scratch_Res5f,2.342500686645508,60.0
1,6,C_Pretrained_Res5f,2.4904894828796387,60.0
1,6,D_Pretrained_Std4f,2.0533204078674316,60.0
1,7,A_Faiman+bias,3.337284564971924,60.0
1,7,B_Scratch_Res5f,2.668511152267456,60.0
1,7,C_Pretrained_Res5f,3.0073745250701904,60.0
1,7,D_Pretrained_Std4f,3.4621920585632324,60.0
1,8,A_Faiman+bias,3.325441837310791,60.0
1,8,B_Scratch_Res5f,3.644707202911377,60.0
1,8,C_Pretrained_Res5f,3.7728748321533203,60.0
1,8,D_Pretrained_Std4f,3.581340789794922,60.0
1,9,A_Faiman+bias,4.813614368438721,60.0
1,9,B_Scratch_Res5f,3.0405688285827637,60.0
1,9,C_Pretrained_Res5f,3.9125654697418213,60.0
1,9,D_Pretrained_Std4f,3.6413207054138184,60.0
3,0,A_Faiman+bias,3.5278687477111816,180.0
3,0,B_Scratch_Res5f,1.9834041595458984,180.0
3,0,C_Pretrained_Res5f,2.1039931774139404,180.0
3,0,D_Pretrained_Std4f,1.9846527576446533,180.0
3,1,A_Faiman+bias,3.871253252029419,180.0
3,1,B_Scratch_Res5f,3.473497152328491,180.0
3,1,C_Pretrained_Res5f,4.623459815979004,180.0
3,1,D_Pretrained_Std4f,3.6227147579193115,180.0
3,2,A_Faiman+bias,3.3544633388519287,180.0
3,2,B_Scratch_Res5f,3.8428640365600586,180.0
3,2,C_Pretrained_Res5f,3.624389886856079,180.0
3,2,D_Pretrained_Std4f,2.7578399181365967,180.0
3,3,A_Faiman+bias,3.332947015762329,180.0
3,3,B_Scratch_Res5f,2.7525651454925537,180.0
3,3,C_Pretrained_Res5f,2.8350629806518555,180.0
3,3,D_Pretrained_Std4f,2.508214235305786,180.0
3,4,A_Faiman+bias,3.377244234085083,180.0
3,4,B_Scratch_Res5f,2.544886350631714,180.0
3,4,C_Pretrained_Res5f,3.0337536334991455,180.0
3,4,D_Pretrained_Std4f,2.6644153594970703,180.0
3,5,A_Faiman+bias,3.803243398666382,180.0
3,5,B_Scratch_Res5f,2.0542819499969482,180.0
3,5,C_Pretrained_Res5f,2.2529523372650146,180.0
3,5,D_Pretrained_Std4f,3.7530434131622314,180.0
3,6,A_Faiman+bias,3.32989764213562,180.0
3,6,B_Scratch_Res5f,1.9099538326263428,180.0
3,6,C_Pretrained_Res5f,2.4173736572265625,180.0
3,6,D_Pretrained_Std4f,1.7871760129928589,180.0
3,7,A_Faiman+bias,3.3509693145751953,180.0
3,7,B_Scratch_Res5f,2.0261926651000977,180.0
3,7,C_Pretrained_Res5f,2.1392204761505127,180.0
3,7,D_Pretrained_Std4f,1.8499884605407715,180.0
3,8,A_Faiman+bias,3.355982542037964,180.0
3,8,B_Scratch_Res5f,3.400197982788086,180.0
3,8,C_Pretrained_Res5f,3.3647825717926025,180.0
3,8,D_Pretrained_Std4f,3.430391311645508,180.0
3,9,A_Faiman+bias,4.114826202392578,180.0
3,9,B_Scratch_Res5f,2.529813051223755,180.0
3,9,C_Pretrained_Res5f,2.4550607204437256,180.0
3,9,D_Pretrained_Std4f,3.56059193611145,180.0
7,0,A_Faiman+bias,3.8408777713775635,420.0
7,0,B_Scratch_Res5f,1.8766369819641113,420.0
7,0,C_Pretrained_Res5f,2.0245304107666016,420.0
7,0,D_Pretrained_Std4f,1.9039770364761353,420.0
7,1,A_Faiman+bias,3.62893009185791,420.0
7,1,B_Scratch_Res5f,1.8402409553527832,420.0
7,1,C_Pretrained_Res5f,2.060004949569702,420.0
7,1,D_Pretrained_Std4f,2.0293538570404053,420.0
7,2,A_Faiman+bias,3.321869373321533,420.0
7,2,B_Scratch_Res5f,1.8952350616455078,420.0
7,2,C_Pretrained_Res5f,2.1482198238372803,420.0
7,2,D_Pretrained_Std4f,1.9144620895385742,420.0
7,3,A_Faiman+bias,3.3245415687561035,420.0
7,3,B_Scratch_Res5f,3.7177159786224365,420.0
7,3,C_Pretrained_Res5f,3.6601836681365967,420.0
7,3,D_Pretrained_Std4f,3.662254810333252,420.0
7,4,A_Faiman+bias,3.5426926612854004,420.0
7,4,B_Scratch_Res5f,2.460418939590454,420.0
7,4,C_Pretrained_Res5f,3.781216621398926,420.0
7,4,D_Pretrained_Std4f,3.075934410095215,420.0
7,5,A_Faiman+bias,3.662278652191162,420.0
7,5,B_Scratch_Res5f,2.5574893951416016,420.0
7,5,C_Pretrained_Res5f,2.5470821857452393,420.0
7,5,D_Pretrained_Std4f,3.1244888305664062,420.0
7,6,A_Faiman+bias,3.3833298683166504,420.0
7,6,B_Scratch_Res5f,2.0666441917419434,420.0
7,6,C_Pretrained_Res5f,2.6526119709014893,420.0
7,6,D_Pretrained_Std4f,1.82022225856781,420.0
7,7,A_Faiman+bias,3.721019744873047,420.0
7,7,B_Scratch_Res5f,2.2434816360473633,420.0
7,7,C_Pretrained_Res5f,4.00367546081543,420.0
7,7,D_Pretrained_Std4f,4.05134916305542,420.0
7,8,A_Faiman+bias,3.4026741981506348,420.0
7,8,B_Scratch_Res5f,2.904982328414917,420.0
7,8,C_Pretrained_Res5f,2.7725350856781006,420.0
7,8,D_Pretrained_Std4f,2.5203678607940674,420.0
7,9,A_Faiman+bias,3.643686056137085,420.0
7,9,B_Scratch_Res5f,1.9978753328323364,420.0
7,9,C_Pretrained_Res5f,2.122140645980835,420.0
7,9,D_Pretrained_Std4f,3.72228741645813,420.0
14,0,A_Faiman+bias,3.515882968902588,840.0
14,0,B_Scratch_Res5f,2.399961471557617,840.0
14,0,C_Pretrained_Res5f,2.3393850326538086,840.0
14,0,D_Pretrained_Std4f,3.1327309608459473,840.0
14,1,A_Faiman+bias,3.419464588165283,840.0
14,1,B_Scratch_Res5f,2.0139925479888916,840.0
14,1,C_Pretrained_Res5f,1.8985017538070679,840.0
14,1,D_Pretrained_Std4f,1.8507306575775146,840.0
14,2,A_Faiman+bias,3.7377493381500244,840.0
14,2,B_Scratch_Res5f,2.1738765239715576,840.0
14,2,C_Pretrained_Res5f,2.2982962131500244,840.0
14,2,D_Pretrained_Std4f,2.5716183185577393,840.0
14,3,A_Faiman+bias,3.332559823989868,840.0
14,3,B_Scratch_Res5f,2.6210811138153076,840.0
14,3,C_Pretrained_Res5f,2.7396445274353027,840.0
14,3,D_Pretrained_Std4f,2.309819221496582,840.0
14,4,A_Faiman+bias,3.521644115447998,840.0
14,4,B_Scratch_Res5f,2.795490264892578,840.0
14,4,C_Pretrained_Res5f,3.245835065841675,840.0
14,4,D_Pretrained_Std4f,2.95562744140625,840.0
14,5,A_Faiman+bias,3.49839186668396,840.0
14,5,B_Scratch_Res5f,2.581021785736084,840.0
14,5,C_Pretrained_Res5f,2.719794273376465,840.0
14,5,D_Pretrained_Std4f,2.8478732109069824,840.0
14,6,A_Faiman+bias,3.3361639976501465,840.0
14,6,B_Scratch_Res5f,2.065169095993042,840.0
14,6,C_Pretrained_Res5f,2.334644079208374,840.0
14,6,D_Pretrained_Std4f,2.0266575813293457,840.0
14,7,A_Faiman+bias,3.569894552230835,840.0
14,7,B_Scratch_Res5f,2.5161385536193848,840.0
14,7,C_Pretrained_Res5f,2.9578428268432617,840.0
14,7,D_Pretrained_Std4f,2.8006060123443604,840.0
14,8,A_Faiman+bias,3.355294942855835,840.0
14,8,B_Scratch_Res5f,2.2448859214782715,840.0
14,8,C_Pretrained_Res5f,2.4581871032714844,840.0
14,8,D_Pretrained_Std4f,2.154574394226074,840.0
14,9,A_Faiman+bias,3.4921510219573975,840.0
14,9,B_Scratch_Res5f,1.877793312072754,840.0
14,9,C_Pretrained_Res5f,1.799523949623108,840.0
14,9,D_Pretrained_Std4f,1.7842293977737427,840.0
28,0,A_Faiman+bias,3.5084750652313232,1680.0
28,0,B_Scratch_Res5f,2.538878917694092,1680.0
28,0,C_Pretrained_Res5f,2.564547538757324,1680.0
28,0,D_Pretrained_Std4f,1.9519509077072144,1680.0
28,1,A_Faiman+bias,3.499023199081421,1680.0
28,1,B_Scratch_Res5f,1.7317310571670532,1680.0
28,1,C_Pretrained_Res5f,1.7552136182785034,1680.0
28,1,D_Pretrained_Std4f,1.7461947202682495,1680.0
28,2,A_Faiman+bias,3.5978569984436035,1680.0
28,2,B_Scratch_Res5f,2.2620296478271484,1680.0
28,2,C_Pretrained_Res5f,2.2154135704040527,1680.0
28,2,D_Pretrained_Std4f,2.0240423679351807,1680.0
28,3,A_Faiman+bias,3.392136335372925,1680.0
28,3,B_Scratch_Res5f,2.55491042137146,1680.0
28,3,C_Pretrained_Res5f,2.568899154663086,1680.0
28,3,D_Pretrained_Std4f,2.2971949577331543,1680.0
28,4,A_Faiman+bias,3.388258218765259,1680.0
28,4,B_Scratch_Res5f,2.74485182762146,1680.0
28,4,C_Pretrained_Res5f,2.9930312633514404,1680.0
28,4,D_Pretrained_Std4f,2.7040698528289795,1680.0
28,5,A_Faiman+bias,3.5368876457214355,1680.0
28,5,B_Scratch_Res5f,2.460261821746826,1680.0
28,5,C_Pretrained_Res5f,2.0306360721588135,1680.0
28,5,D_Pretrained_Std4f,2.1688950061798096,1680.0
28,6,A_Faiman+bias,3.3945181369781494,1680.0
28,6,B_Scratch_Res5f,3.1937198638916016,1680.0
28,6,C_Pretrained_Res5f,3.5783443450927734,1680.0
28,6,D_Pretrained_Std4f,2.996659994125366,1680.0
28,7,A_Faiman+bias,3.5208098888397217,1680.0
28,7,B_Scratch_Res5f,2.375523805618286,1680.0
28,7,C_Pretrained_Res5f,2.904606819152832,1680.0
28,7,D_Pretrained_Std4f,2.9129385948181152,1680.0
28,8,A_Faiman+bias,3.428471803665161,1680.0
28,8,B_Scratch_Res5f,2.634519100189209,1680.0
28,8,C_Pretrained_Res5f,2.7113101482391357,1680.0
28,8,D_Pretrained_Std4f,2.142322540283203,1680.0
28,9,A_Faiman+bias,3.3195860385894775,1680.0
28,9,B_Scratch_Res5f,2.506699562072754,1680.0
28,9,C_Pretrained_Res5f,2.70233416557312,1680.0
28,9,D_Pretrained_Std4f,2.5251357555389404,1680.0
999,0,B_Scratch_Res5f,1.8237214088439941,26156.0
999,0,C_Pretrained_Res5f,1.8550125360488892,26156.0
999,0,D_Pretrained_Std4f,1.9676902294158936,26156.0
999,0,A_Faiman+bias,3.3248627185821533,
